game_id,game_date,posteam,defteam,clock_display,score_display,down_distance,field_position_display,decision,best_decision,first_down_chance,break_even_first_down_chance,field_goal_chance,exp_wp_go_display,exp_wp_punt_display,exp_wp_field_goal_display,break_even_conflict_reason,desc
2025_01_ARI_NO,2025-09-07,NO,ARI,Q4 - 00:04,Down 7,4th & 10,ARI 18,go,go,0.32064913262451034,0.949672873678913,0.945337620578778,0.24429717184111555,0.027709943977190732,0.21460599394944999,recommended_go_but_below_break_even,(:04) (Shotgun) 2-S.Rattler pass incomplete deep left to 12-C.Olave.
2025_01_CAR_JAX,2025-09-07,JAX,CAR,Q4 - 10:44,Up 17,4th & 1,CAR 34,go,go,0.5544041450777202,0.7455470737913485,0.7914572864321608,0.9692024391084022,0.4828228582312675,0.6412769067440804,recommended_go_but_below_break_even,(10:44) 55-C.Edoga reported in as eligible. 4-T.Bigsby up the middle to CAR 31 for 3 yards (97-B.Brown; 94-A.Robinson).
2025_01_DAL_PHI,2025-09-04,DAL,PHI,Q4 - 02:00,Down 4,4th & 3,DAL 45,go,go,0.471830985915493,0.6886038980402502,0.9107173283353213,0.6313522502887439,0.43229695969022486,,recommended_go_but_below_break_even,(2:00) (Shotgun) 4-D.Prescott pass incomplete deep left to 88-C.Lamb.
2025_01_DET_GB,2025-09-07,GB,DET,Q2 - 00:21,Up 14,4th & 1,GB 22,punt,go,0.6840747904577692,0.7702420551504534,0.8891820580474935,0.9104569193335758,0.8614269264862144,,recommended_go_but_below_break_even,"(:21) 19-D.Whelan punts 65 yards to DET 13, Center-42-M.Orzech. 11-K.Raymond to DET 18 for 5 yards (31-N.Niemann)."
2025_01_DET_GB,2025-09-07,GB,DET,Q3 - 07:52,Up 11,4th & 2,GB 32,punt,go,0.5273348519362187,0.9072356215213357,0.9286177806619078,0.903398263807228,0.8674771588886134,,recommended_go_but_below_break_even,"(7:52) 19-D.Whelan punts 61 yards to DET 7, Center-42-M.Orzech. 11-K.Raymond to DET 21 for 14 yards (30-C.Brooks; 55-K.Enagbare)."
2025_01_KC_LAC,2025-09-05,LAC,KC,Q3 - 05:46,Up 1,4th & 1,LAC 35,go,go,0.7150537634408602,0.7409326424870466,0.879458794587946,0.718853533794224,0.6762583899438613,,recommended_go_but_below_break_even,(5:46) 8-O.Hampton left end to LAC 39 for 4 yards (32-N.Bolton). KC-23-D.Tranquill was injured during the play.
2025_01_LV_NE,2025-09-07,NE,LV,Q2 - 00:47,Up 3,4th & 1,NE 35,punt,go,0.6524163568773235,0.8229562025087394,0.879458794587946,0.718853533794224,0.6384080208641918,,recommended_go_but_below_break_even,"(:47) 17-B.Baringer punts 39 yards to LV 26, Center-47-J.Ashby, out of bounds."
2025_01_LV_NE,2025-09-07,NE,LV,Q3 - 04:39,Down 4,4th & 7,NE 28,punt,go,0.39299123904881095,0.4110935126344662,0.8571706936866718,0.382615297298891,0.35935337844859344,,recommended_go_but_below_break_even,"(4:39) 17-B.Baringer punts 59 yards to LV 13, Center-47-J.Ashby. 1-T.Tucker pushed ob at LV 30 for 17 yards (51-J.Gibbens). PENALTY on LV-44-T.Eichenberg, Illegal Block Above the Waist, 10 yards, enforced at LV 26."
2025_01_NYG_WAS,2025-09-07,NYG,WAS,Q2 - 11:47,Down 4,4th & 1,NYG 24,punt,go,0.7790697674418606,0.7816593886462881,0.819517709118312,0.4854684232076476,0.4145872040997104,,recommended_go_but_below_break_even,"(11:47) 12-J.Gillan punts 34 yards to WAS 42, Center-59-C.Kreiter, fair catch by 83-J.Lane."
2025_01_NYG_WAS,2025-09-07,WAS,NYG,Q4 - 14:19,Up 8,4th & 1,WAS 49,punt,go,0.6757990867579909,0.7613365155131264,0.8891820580474935,0.9104569193335758,0.8982227545581677,,recommended_go_but_below_break_even,"(14:19) 10-T.Way punts 42 yards to NYG 9, Center-69-T.Ott. 80-G.Olszewski pushed ob at NYG 12 for 3 yards (80-C.Yankoff)."
2025_01_PIT_NYJ,2025-09-07,NYJ,PIT,Q4 - 07:06,Down 5,4th & 1,PIT 1,go,go,0.4978260869565217,0.839196344531455,1.0,1.0,0.021142014840622732,0.5613336124902834,recommended_go_but_below_break_even,"(7:06) 7-J.Fields right end for 1 yard, TOUCHDOWN. NYJ-76-J.Simpson was injured during the play."
2025_01_TB_ATL,2025-09-07,ATL,TB,Q2 - 02:00,Down 3,4th & 1,TB 27,go,go,0.7183544303797468,0.8062015503875969,0.8,0.5440015676328886,0.12685208904373638,0.5189832622283206,recommended_go_but_below_break_even,(2:00) (Shotgun) 25-T.Allgeier up the middle to TB 25 for 2 yards (90-L.Hall).
2025_01_TB_ATL,2025-09-07,ATL,TB,Q4 - 03:01,Down 4,4th & 2,TB 3,go,go,0.4777777777777778,0.7872340425531915,1.0,1.0,0.02124667949235736,0.5175481997236443,recommended_go_but_below_break_even,"(3:01) (Shotgun) 9-M.Penix scrambles left end to TB 2 for 1 yard (8-S.Dennis). The Replay Official reviewed the short of the line to gain ruling, and the play was REVERSED. (Shotgun) 9-M.Penix scrambles left end to TB 1 for 2 yards (8-S.Dennis)."
2025_01_TEN_DEN,2025-09-07,DEN,TEN,Q2 - 00:54,Down 3,4th & 2,DEN 48,punt,go,0.37920489296636084,0.7634782534863784,0.8656821378340366,0.46107967675782785,0.43290351361644513,,recommended_go_but_below_break_even,"(:54) 16-J.Crawshaw punts 45 yards to TEN 7, Center-48-M.Fraboni, fair catch by 17-C.Dike."
2025_01_TEN_DEN,2025-09-07,DEN,TEN,Q4 - 05:11,Up 8,4th & 1,DEN 46,go,go,0.6757990867579909,0.7613365155131264,0.8891820580474935,0.9104569193335758,0.8982227545581677,,recommended_go_but_below_break_even,(5:11) 63-A.Palczewski reported in as eligible. 10-B.Nix up the middle to DEN 46 for no gain (93-T.Sweat). (Virtual Measurement).
2025_02_ATL_MIN,2025-09-14,MIN,ATL,Q3 - 14:11,Down 3,4th & 2,MIN 30,punt,go,0.32407407407407407,0.559419695583321,0.8656821378340366,0.46107967675782785,0.37704792076891125,,recommended_go_but_below_break_even,"(14:11) 17-R.Wright punts 49 yards to ATL 21, Center-42-A.DePaola, fair catch by 35-N.Brooks."
2025_02_ATL_MIN,2025-09-14,MIN,ATL,Q3 - 04:05,Down 6,4th & 1,MIN 40,go,go,0.6132075471698113,0.786011988006166,0.819517709118312,0.4586488721170319,0.43327990640854014,,recommended_go_but_below_break_even,(4:05) 9-J.McCarthy up the middle to MIN 41 for 1 yard (90-D.Onyemata).
2025_02_ATL_MIN,2025-09-14,ATL,MIN,Q4 - 00:28,Up 16,4th & 1,ATL 12,punt,go,0.6936026936026936,0.9406528189910979,0.7914572864321608,0.9762583392413987,0.965645716462535,,recommended_go_but_below_break_even,"(:28) 13-B.Pinion punts 46 yards to MIN 42, Center-49-L.McCullough. 4-M.Price MUFFS catch, RECOVERED by ATL-28-M.Ford at MIN 44."
2025_02_BUF_NYJ,2025-09-14,BUF,NYJ,Q1 - 10:25,Tied,4th & 1,NYJ 25,go,go,0.7234401349072513,0.7481880477609969,0.7476190476190476,0.5654191398902044,0.12685208904373638,0.5189832622283206,recommended_go_but_below_break_even,(10:25) 70-A.Anderson reported in as eligible. 22-R.Davis right tackle to NYJ 21 for 4 yards (11-J.Johnson; 51-F.Mauigoa).
2025_02_CAR_ARI,2025-09-14,ARI,CAR,Q4 - 14:15,Up 18,4th & 1,ARI 49,go,go,0.6936026936026936,0.9406528189910979,0.7914572864321608,0.9762583392413987,0.965645716462535,,recommended_go_but_below_break_even,(14:15) 7-J.Brissett up the middle to CAR 49 for 2 yards (95-D.Brown).
2025_02_DEN_IND,2025-09-14,IND,DEN,Q2 - 07:32,Down 1,4th & 1,DEN 50,go,go,0.506896551724138,0.6442736640641112,0.819517709118312,0.42530619121831037,0.4228402968124546,,recommended_go_but_below_break_even,(7:32) (Shotgun) 84-T.Warren left tackle to 50 for no gain (92-D.Tillman).
2025_02_JAX_CIN,2025-09-14,JAX,CIN,Q3 - 09:30,Tied,4th & 1,JAX 28,punt,go,0.7790697674418606,0.7816593886462881,0.819517709118312,0.4854684232076476,0.4145872040997104,,recommended_go_but_below_break_even,"(9:30) 9-L.Cooke punts 60 yards to CIN 12, Center-46-R.Matiscik. 15-C.Jones to CIN 23 for 11 yards (80-Q.Morris)."
2025_02_JAX_CIN,2025-09-14,JAX,CIN,Q4 - 06:09,Up 3,4th & 2,CIN 47,punt,go,0.3776223776223776,0.7084548104956269,0.9181141439205955,0.7260845092250479,0.68504931356137,,recommended_go_but_below_break_even,"(6:09) 9-L.Cooke punts 35 yards to CIN 12, Center-46-R.Matiscik, fair catch by 15-C.Jones."
2025_02_LAC_LV,2025-09-15,LAC,LV,Q4 - 08:14,Up 11,4th & 1,LV 50,go,go,0.7061855670103093,0.7461928934010151,0.8891820580474935,0.9104569193335758,0.8753395691230499,,recommended_go_but_below_break_even,"(8:14) (Shotgun) 10-J.Herbert FUMBLES (Aborted) at LAC 45, recovered by LAC-12-D.Davis at LAC 44. 12-D.Davis to LAC 44 for no gain (36-K.Kelly)."
2025_02_LAC_LV,2025-09-15,LAC,LV,Q4 - 04:36,Up 11,4th & 4,LAC 26,punt,go,0.4393203883495146,0.8366013071895425,0.8645374449339207,0.9152424795346072,0.8636366561420866,,recommended_go_but_below_break_even,"(4:36) 16-J.Scott punts 56 yards to LV 18, Center-41-R.Lovato. 1-T.Tucker to LV 33 for 15 yards (28-H.Haskins)."
2025_02_LA_TEN,2025-09-14,TEN,LA,Q3 - 00:11,Down 4,4th & 5,TEN 19,punt,go,0.44382801664355065,0.4755660422179584,0.8904876099120703,0.3764178158309686,0.3722012247792282,,recommended_go_but_below_break_even,"(:11) 3-J.Hekker punts 55 yards to LA 26, Center-46-M.Cox, fair catch by 19-X.Smith."
2025_02_PHI_KC,2025-09-14,PHI,KC,Q4 - 04:32,Up 10,4th & 4,PHI 32,punt,go,0.4393203883495146,0.8366013071895425,0.8645374449339207,0.9152424795346072,0.8690705192244152,,recommended_go_but_below_break_even,"(4:32) 10-B.Mann punts 40 yards to KC 28, Center-47-C.Hughlett, fair catch by 81-N.Remigio."
2025_02_SEA_PIT,2025-09-14,PIT,SEA,Q3 - 01:41,Tied,4th & 1,PIT 48,punt,go,0.6132075471698113,0.786011988006166,0.819517709118312,0.4586488721170319,0.43327990640854014,,recommended_go_but_below_break_even,"(1:41) 3-C.Waitman punts 43 yards to SEA 9, Center-46-C.Kuntz, fair catch by 15-T.Horton."
2025_02_SF_NO,2025-09-14,NO,SF,Q4 - 01:03,Down 5,4th & 1,NO 42,go,go,0.6273764258555133,0.7689523921738409,0.819517709118312,0.5730857278543809,0.43327990640854014,,recommended_go_but_below_break_even,"(1:03) (Shotgun) 2-S.Rattler sacked at NO 34 for -8 yards (47-B.Huff). FUMBLES (47-B.Huff) [47-B.Huff], touched at NO 33, recovered by NO-51-C.Ruiz at NO 27."
2025_02_WAS_GB,2025-09-11,GB,WAS,Q3 - 06:40,Up 11,4th & 4,WAS 4,field_goal,go,0.4393203883495146,0.8366013071895425,1.0,0.9152424795346072,0.04318183280710433,0.9019913056958628,recommended_go_but_below_break_even,"(6:40) 17-B.McManus 22 yard field goal is GOOD, Center-42-M.Orzech, Holder-19-D.Whelan."
2025_03_ATL_CAR,2025-09-21,CAR,ATL,Q4 - 10:51,Up 20,4th & 1,ATL 1,go,go,0.5898617511520737,0.7601918465227817,1.0,1.0,0.048282285823126755,0.6871536059026905,recommended_go_but_below_break_even,"(10:51) 73-B.Walton reported in as eligible. 5-R.Dowdle left tackle for 1 yard, TOUCHDOWN."
2025_03_DAL_CHI,2025-09-21,CHI,DAL,Q3 - 00:14,Up 10,4th & 4,DAL 4,go,go,0.4393203883495146,0.8366013071895425,1.0,0.9152424795346072,0.04318183280710433,0.9019913056958628,recommended_go_but_below_break_even,"(:14) (Shotgun) 18-C.Williams pass short middle to 2-D.Moore for 4 yards, TOUCHDOWN."
2025_03_DEN_LAC,2025-09-21,LAC,DEN,Q3 - 02:18,Down 4,4th & 5,LAC 19,punt,go,0.44382801664355065,0.4755660422179584,0.8904876099120703,0.3764178158309686,0.3722012247792282,,recommended_go_but_below_break_even,"(2:18) 16-J.Scott punts 40 yards to DEN 41, Center-41-R.Lovato, fair catch by 19-M.Mims."
2025_03_DET_BAL,2025-09-22,DET,BAL,Q4 - 01:56,Up 7,4th & 2,DET 49,go,go,0.495575221238938,0.593524293549667,0.9181141439205955,0.7331361848838515,0.6883698583347081,,recommended_go_but_below_break_even,"(1:56) 16-J.Goff pass deep right to 14-A.St. Brown to BAL 31 for 20 yards (44-M.Humphrey). Penalty on BAL-44-M.Humphrey, Defensive Holding, declined."
2025_03_GB_CLE,2025-09-21,CLE,GB,Q1 - 10:34,Tied,4th & 5,GB 44,punt,go,0.17699115044247787,0.3565879834313005,0.8904876099120703,0.3764178158309686,0.32310968386285965,,recommended_go_but_below_break_even,"(10:34) 13-C.Bojorquez punts 44 yards to end zone, Center-50-R.Sunahara, Touchback."
2025_03_HOU_JAX,2025-09-21,HOU,JAX,Q2 - 04:25,Down 4,4th & 1,HOU 44,punt,go,0.5616438356164383,0.7747321350527501,0.819517709118312,0.4586488721170319,0.43327990640854014,,recommended_go_but_below_break_even,"(4:25) 6-T.Townsend punts 25 yards to JAX 31, Center-40-A.Brinkman, out of bounds."
2025_03_HOU_JAX,2025-09-21,JAX,HOU,Q2 - 00:11,Up 4,4th & 2,JAX 44,punt,go,0.495575221238938,0.5598822524225912,0.9181141439205955,0.7331361848838515,0.6697141414607085,,recommended_go_but_below_break_even,"(:11) 9-L.Cooke punts 38 yards to HOU 18, Center-46-R.Matiscik, out of bounds."
2025_03_IND_TEN,2025-09-21,IND,TEN,Q3 - 03:00,Up 14,4th & 1,IND 46,go,go,0.4409448818897638,0.6941896024464831,0.8891820580474935,0.9104569193335758,0.8982227545581677,,recommended_go_but_below_break_even,(3:00) 17-D.Jones up the middle to IND 48 for 2 yards (98-J.Simmons).
2025_03_KC_NYG,2025-09-21,KC,NYG,Q3 - 01:19,Up 10,4th & 1,KC 46,punt,go,0.4409448818897638,0.6941896024464831,0.8891820580474935,0.9104569193335758,0.8982227545581677,,recommended_go_but_below_break_even,"(1:19) 14-M.Araiza punts 43 yards to NYG 11, Center-41-J.Winchester. 80-G.Olszewski to NYG 20 for 9 yards (41-J.Winchester)."
2025_03_KC_NYG,2025-09-21,KC,NYG,Q4 - 02:14,Up 13,4th & 4,KC 16,punt,go,0.4393203883495146,0.8366013071895425,0.8645374449339207,0.9152424795346072,0.8636366561420866,,recommended_go_but_below_break_even,"(2:14) 14-M.Araiza punts 53 yards to NYG 31, Center-41-J.Winchester. 80-G.Olszewski to NYG 39 for 8 yards (2-J.Williams)."
2025_03_LA_PHI,2025-09-21,PHI,LA,Q1 - 09:08,Tied,4th & 1,LA 3,go,go,0.621172353455818,0.7333986683360584,1.0,0.5879801896202118,0.021142014840622732,0.5613336124902834,recommended_go_but_below_break_even,(9:08) 1-J.Hurts up the middle to LA 2 for 1 yard (53-N.Landman; 8-J.Verse).
2025_03_LA_PHI,2025-09-21,LA,PHI,Q3 - 08:50,Up 12,4th & 2,PHI 49,punt,go,0.5879629629629629,0.7596153846153846,0.9286177806619078,0.903398263807228,0.8735482847356066,,recommended_go_but_below_break_even,"(8:50) 42-E.Evans punts 36 yards to PHI 13, Center-47-A.Ward, fair catch by 2-J.Dotson."
2025_03_LA_PHI,2025-09-21,LA,PHI,Q4 - 14:13,Up 5,4th & 1,PHI 46,go,go,0.5977859778597785,0.7876857749469215,0.879458794587946,0.7015777339954061,0.6794824036823729,,recommended_go_but_below_break_even,"(14:13) 23-K.Williams right guard to PHI 47 for -1 yards (90-J.Davis, 98-J.Carter)."
2025_03_LA_PHI,2025-09-21,PHI,LA,Q4 - 01:51,Down 5,4th & 4,LA 4,go,go,0.5476190476190477,0.7282608695652174,1.0,0.6873503979616906,0.021115396680633055,0.5554398112697017,recommended_go_but_below_break_even,"(1:51) (Shotgun) 1-J.Hurts pass short right to 6-D.Smith for 4 yards, TOUCHDOWN."
2025_03_MIA_BUF,2025-09-18,MIA,BUF,Q1 - 02:37,Tied,4th & 3,MIA 22,punt,go,0.48056537102473496,0.532244812394162,0.9107173283353213,0.4513522502887438,0.45059820344385515,,recommended_go_but_below_break_even,"(2:37) 16-J.Bailey punts 56 yards to BUF 22, Center-49-J.Cardona. 29-B.Codrington to BUF 37 for 15 yards (3-K.Britt; 53-C.Goode)."
2025_03_NYJ_TB,2025-09-21,NYJ,TB,Q2 - 09:13,Down 4,4th & 1,NYJ 44,go,go,0.5616438356164383,0.7747321350527501,0.819517709118312,0.4586488721170319,0.43327990640854014,,recommended_go_but_below_break_even,(9:13) 0-B.Allen up the middle to NYJ 43 for -1 yards (5-H.Reddick).
2025_04_BAL_KC,2025-09-28,BAL,KC,Q2 - 03:01,Down 6,4th & 1,BAL 41,go,go,0.5616438356164383,0.7747321350527501,0.819517709118312,0.4586488721170319,0.43327990640854014,,recommended_go_but_below_break_even,(3:01) (Shotgun) 8-L.Jackson pass incomplete deep right [56-G.Karlaftis].
2025_04_CHI_LV,2025-09-28,CHI,LV,Q2 - 13:33,Down 4,4th & 1,CHI 40,go,go,0.5616438356164383,0.7747321350527501,0.819517709118312,0.4586488721170319,0.43327990640854014,,recommended_go_but_below_break_even,(13:33) 18-C.Williams pass short right to 4-D.Swift pushed ob at CHI 47 for 7 yards (11-J.Chinn).
2025_04_CHI_LV,2025-09-28,LV,CHI,Q4 - 00:38,Down 1,4th & 3,CHI 36,field_goal,go,0.3125,0.6678723842106886,0.9230769230769232,0.660373022648097,0.210046938361766,0.5162097675331225,recommended_go_but_below_break_even,"(:38) 8-D.Carlson 54 yard field goal is BLOCKED (39-J.Blackwell), Center-50-J.Bobenmoyer, Holder-6-A.Cole."
2025_04_CIN_DEN,2025-09-29,DEN,CIN,Q1 - 06:55,Down 3,4th & 2,DEN 38,punt,go,0.32407407407407407,0.6856528371582524,0.8656821378340366,0.46107967675782785,0.4367406945267031,,recommended_go_but_below_break_even,"(6:55) 16-J.Crawshaw punts 62 yards to end zone, Center-48-M.Fraboni, Touchback. PENALTY on CIN-25-T.Brooks, Offensive Holding, 10 yards, enforced at CIN 20."
2025_04_CLE_DET,2025-09-28,CLE,DET,Q1 - 05:41,Tied,4th & 1,DET 1,go,go,0.621172353455818,0.7333986683360584,1.0,0.5879801896202118,0.021142014840622732,0.5613336124902834,recommended_go_but_below_break_even,"(5:41) 98-A.Huntington and 56-L.Wypler reported in as eligible. 10-Q.Judkins left tackle for 1 yard, TOUCHDOWN."
2025_04_GB_DAL,2025-09-28,DAL,GB,Q4 - 08:31,Down 4,4th & 2,DAL 43,go,go,0.4861111111111111,0.7093023255813953,0.8656821378340366,0.46107967675782785,0.4551691740915804,,recommended_go_but_below_break_even,(8:31) (Shotgun) 4-D.Prescott pass short middle to 3-G.Pickens to GB 45 for 12 yards (24-C.Valentine).
2025_04_IND_LA,2025-09-28,LA,IND,Q4 - 03:24,Down 7,4th & 2,IND 9,go,go,0.4913793103448276,0.5215048379156237,1.0,0.34480909278775934,0.010433351792778961,0.2781372355315292,recommended_go_but_below_break_even,"(3:24) (Shotgun) 9-M.Stafford pass short left to 12-P.Nacua for 9 yards, TOUCHDOWN."
2025_04_JAX_SF,2025-09-28,JAX,SF,Q2 - 00:02,Up 8,4th & 4,SF 8,field_goal,go,0.4393203883495146,0.8366013071895425,1.0,0.9152424795346072,0.04318183280710433,0.9019913056958628,recommended_go_but_below_break_even,"(:02) 39-C.Little 26 yard field goal is GOOD, Center-46-R.Matiscik, Holder-9-L.Cooke."
2025_04_JAX_SF,2025-09-28,JAX,SF,Q4 - 12:05,Up 12,4th & 2,JAX 34,punt,go,0.5273348519362187,0.9072356215213357,0.9286177806619078,0.903398263807228,0.8674771588886134,,recommended_go_but_below_break_even,"(12:05) 9-L.Cooke punts 58 yards to SF 8, Center-46-R.Matiscik, out of bounds."
2025_04_LAC_NYG,2025-09-28,NYG,LAC,Q4 - 00:31,Up 3,4th & 4,NYG 47,punt,go,0.5823627287853578,0.8751560549313359,0.8582326764144945,0.7246805084817713,0.6843007057669791,,recommended_go_but_below_break_even,"(:31) 12-J.Gillan punts 40 yards to LAC 13, Center-59-C.Kreiter. 29-T.Still to LAC 16 for 3 yards (85-C.Manhertz)."
2025_04_NO_BUF,2025-09-28,NO,BUF,Q3 - 12:59,Down 4,4th & 3,BUF 49,punt,go,0.505249343832021,0.6209200694778102,0.9107173283353213,0.4573333061212511,0.4490146041501181,,recommended_go_but_below_break_even,"(12:59) 32-K.Kroeger punts 49 yards to end zone, Center-49-Z.Wood, Touchback."
2025_04_NO_BUF,2025-09-28,BUF,NO,Q4 - 12:56,Up 5,4th & 1,NO 49,go,go,0.5977859778597785,0.7876857749469215,0.879458794587946,0.7015777339954061,0.6794824036823729,,recommended_go_but_below_break_even,(12:56) 17-J.Allen pass short middle to 10-K.Shakir to 50 for -1 yards (96-C.Granderson).
2025_04_PHI_TB,2025-09-28,PHI,TB,Q4 - 06:18,Up 8,4th & 2,PHI 28,punt,go,0.5273348519362187,0.9072356215213357,0.9286177806619078,0.903398263807228,0.8690360824456625,,recommended_go_but_below_break_even,"(6:18) 10-B.Mann punts 52 yards to TB 20, Center-47-C.Hughlett. 19-K.Johnson to TB 22 for 2 yards (21-S.Brown)."
2025_04_PHI_TB,2025-09-28,TB,PHI,Q4 - 01:02,Down 8,4th & 9,PHI 37,go,go,0.299625468164794,0.4288451729528859,0.6607142857142858,0.2874971200006757,0.09988455311624823,0.2503640970937722,recommended_go_but_below_break_even,"(1:02) (Shotgun) 6-B.Mayfield pass short middle to 88-C.Otton to PHI 35 for 2 yards (34-P.Nickerson). FUMBLES (34-P.Nickerson), ball out of bounds at PHI 32. The Replay Official reviewed the runner was not down by contact ruling, and the play was REVERSED. (Shotgun) 6-B.Mayfield pass short middle to 88-C.Otton to PHI 35 for 2 yards (34-P.Nickerson)."
2025_04_SEA_ARI,2025-09-25,ARI,SEA,Q2 - 03:58,Down 4,4th & 1,ARI 29,punt,go,0.7790697674418606,0.7816593886462881,0.819517709118312,0.4854684232076476,0.4145872040997104,,recommended_go_but_below_break_even,"(3:58) 12-B.Gillikin punts 63 yards to SEA 8, Center-46-A.Brewer. 15-T.Horton to SEA 10 for 2 yards (36-K.Crawford; 50-C.Simon)."
2025_04_TEN_HOU,2025-09-28,HOU,TEN,Q2 - 08:56,Up 6,4th & 3,HOU 47,punt,go,0.5606773283160865,0.7871860268810189,0.8408360128617364,0.7270534786432756,0.6729475254544531,,recommended_go_but_below_break_even,"(8:56) 6-T.Townsend punts 43 yards to TEN 10, Center-40-A.Brinkman, out of bounds."
2025_04_TEN_HOU,2025-09-28,HOU,TEN,Q2 - 05:14,Up 6,4th & 1,HOU 46,go,go,0.6877637130801688,0.7711670480549199,0.879458794587946,0.7344423155375779,0.6729306319344139,,recommended_go_but_below_break_even,"(5:14) 57-B.Fisher reported in as eligible. 27-W.Marks up the middle to HOU 48 for 2 yards (28-Q.Diggs, 33-C.Gray)."
2025_05_DET_CIN,2025-10-05,DET,CIN,Q2 - 06:33,Up 14,4th & 2,DET 44,punt,go,0.5273348519362187,0.9072356215213357,0.9286177806619078,0.903398263807228,0.8735482847356066,,recommended_go_but_below_break_even,"(6:33) 3-J.Fox punts 47 yards to CIN 9, Center-49-H.Hatten, fair catch by 15-C.Jones. PENALTY on CIN-28-J.Newton, Offensive Holding, 4 yards, enforced at CIN 9."
2025_05_HOU_BAL,2025-10-05,HOU,BAL,Q3 - 00:33,Up 24,4th & 1,HOU 44,go,go,0.7191011235955056,0.8449612403100775,0.8348623853211009,0.9989557936286187,0.9960606826680138,,recommended_go_but_below_break_even,(:33) 57-B.Fisher reported in as eligible. 44-B.Brooks up the middle to 50 for 6 yards (40-T.Buchanan).
2025_05_KC_JAX,2025-10-06,JAX,KC,Q1 - 13:33,Tied,4th & 2,JAX 38,punt,go,0.32407407407407407,0.6856528371582524,0.8656821378340366,0.46107967675782785,0.4367406945267031,,recommended_go_but_below_break_even,"(13:33) 9-L.Cooke punts 53 yards to KC 9, Center-46-R.Matiscik. 81-N.Remigio to KC 9 for no gain (25-R.Lane)."
2025_05_KC_JAX,2025-10-06,KC,JAX,Q3 - 13:24,Up 7,4th & 2,KC 41,punt,go,0.495575221238938,0.593524293549667,0.9181141439205955,0.7331361848838515,0.6883698583347081,,recommended_go_but_below_break_even,"(13:24) 14-M.Araiza punts 45 yards to JAX 14, Center-41-J.Winchester. 11-P.Washington to JAX 13 for -1 yards (20-N.Williams)."
2025_05_MIA_CAR,2025-10-05,CAR,MIA,Q3 - 07:08,Down 4,4th & 7,CAR 28,punt,go,0.39299123904881095,0.4110935126344662,0.8571706936866718,0.382615297298891,0.35935337844859344,,recommended_go_but_below_break_even,"(7:08) 6-S.Martin punts 55 yards to MIA 17, Center-44-J.Jansen. 6-M.Washington to MIA 24 for 7 yards (21-N.Scott)."
2025_05_MIN_CLE,2025-10-05,CLE,MIN,Q1 - 08:15,Tied,4th & 1,MIN 6,go,go,0.621172353455818,0.7333986683360584,1.0,0.5879801896202118,0.021142014840622732,0.5613336124902834,recommended_go_but_below_break_even,(8:15) 98-A.Huntington and 74-T.Jenkins reported in as eligible. 10-Q.Judkins right tackle to MIN 4 for 2 yards (55-E.Wilson; 26-T.Jackson).
2025_05_MIN_CLE,2025-10-05,MIN,CLE,Q2 - 11:04,Tied,4th & 3,CLE 50,punt,go,0.20512820512820512,0.5886490245166125,0.9107173283353213,0.4573333061212511,0.4490146041501181,,recommended_go_but_below_break_even,"(11:04) 17-R.Wright punts 39 yards to CLE 11, Center-42-A.DePaola, fair catch by 84-G.Larvadain."
2025_05_MIN_CLE,2025-10-05,MIN,CLE,Q2 - 06:26,Tied,4th & 1,MIN 23,punt,go,0.7790697674418606,0.7816593886462881,0.819517709118312,0.4854684232076476,0.4145872040997104,,recommended_go_but_below_break_even,"(6:26) 17-R.Wright punts 54 yards to CLE 23, Center-42-A.DePaola. 84-G.Larvadain to CLE 26 for 3 yards (56-A.Keys)."
2025_05_MIN_CLE,2025-10-05,CLE,MIN,Q2 - 01:34,Tied,4th & 1,CLE 43,go,go,0.5616438356164383,0.7747321350527501,0.819517709118312,0.4586488721170319,0.43327990640854014,,recommended_go_but_below_break_even,"(1:34) (No Huddle, Shotgun) 34-J.Ford up the middle to CLE 45 for 2 yards (15-D.Turner; 97-J.Hargrave)."
2025_05_NYG_NO,2025-10-05,NYG,NO,Q2 - 05:34,Up 8,4th & 4,NO 48,punt,go,0.4393203883495146,0.8366013071895425,0.8645374449339207,0.9152424795346072,0.8849446019331698,,recommended_go_but_below_break_even,"(5:34) 12-J.Gillan punts 35 yards to NO 13, Center-59-C.Kreiter, fair catch by 22-R.Shaheed."
2025_05_NYG_NO,2025-10-05,NYG,NO,Q3 - 12:45,Down 2,4th & 1,NYG 45,go,go,0.6132075471698113,0.786011988006166,0.819517709118312,0.4586488721170319,0.43327990640854014,,recommended_go_but_below_break_even,(12:45) (No Huddle) 17-W.Robinson left end to NYG 47 for 2 yards (4-K.McKinstry).
2025_05_NYG_NO,2025-10-05,NYG,NO,Q4 - 00:49,Down 12,4th & 9,NO 17,go,go,0.299625468164794,0.7523644962758937,0.9227272727272727,0.2874971200006757,0.02996536593487447,0.27840165509419007,recommended_go_but_below_break_even,(:49) (Shotgun) 6-J.Dart pass incomplete short right to 17-W.Robinson.
2025_05_SF_LA,2025-10-02,SF,LA,Q3 - 01:46,Up 6,4th & 1,SF 36,go,go,0.7150537634408602,0.7409326424870466,0.879458794587946,0.718853533794224,0.6762583899438613,,recommended_go_but_below_break_even,(1:46) 10-M.Jones up the middle to SF 38 for 2 yards (91-K.Turner).
2025_05_SF_LA,2025-10-02,LA,SF,Q4 - 00:25,Down 3,4th & 3,SF 43,go,go,0.6243654822335026,0.7481108312342568,0.9107173283353213,0.6373333061212512,0.31431022290508265,0.5211536639901738,recommended_go_but_below_break_even,(:25) (Shotgun) 9-M.Stafford pass short middle to 23-K.Williams to SF 30 for 13 yards (2-D.Lenoir).
2025_06_ARI_IND,2025-10-12,ARI,IND,Q4 - 00:58,Down 4,4th & 7,IND 9,go,go,0.39299123904881095,0.8998998998998999,0.878048780487805,0.632615297298891,0.020747221031562235,0.5156122356473138,recommended_go_but_below_break_even,(:58) (Shotgun) 7-J.Brissett pass incomplete short left to 85-T.McBride [97-L.Latu].
2025_06_CIN_GB,2025-10-12,GB,CIN,Q1 - 10:51,Tied,4th & 1,CIN 26,go,go,0.7234401349072513,0.7481880477609969,0.7476190476190476,0.5654191398902044,0.12685208904373638,0.5189832622283206,recommended_go_but_below_break_even,(10:51) 10-J.Love up the middle to CIN 24 for 2 yards (58-J.Ossai; 49-B.Carter).
2025_06_DEN_NYJ,2025-10-12,DEN,NYJ,Q3 - 01:15,Down 1,4th & 7,DEN 21,punt,go,0.39299123904881095,0.4110935126344662,0.8571706936866718,0.382615297298891,0.35935337844859344,,recommended_go_but_below_break_even,"(1:15) 16-J.Crawshaw punts 62 yards to NYJ 17, Center-48-M.Fraboni. 18-I.Williams to NYJ 24 for 7 yards (40-J.Strnad)."
2025_06_DET_KC,2025-10-12,DET,KC,Q2 - 00:17,Down 3,4th & 2,DET 40,punt,go,0.37920489296636084,0.7634782534863784,0.8656821378340366,0.46107967675782785,0.43290351361644513,,recommended_go_but_below_break_even,"(:17) 3-J.Fox punts 49 yards to KC 11, Center-49-H.Hatten, fair catch by 81-N.Remigio."
2025_06_DET_KC,2025-10-12,KC,DET,Q3 - 03:41,Up 10,4th & 2,KC 35,punt,go,0.5273348519362187,0.9072356215213357,0.9286177806619078,0.903398263807228,0.8674771588886134,,recommended_go_but_below_break_even,"(3:41) 14-M.Araiza punts 46 yards to DET 19, Center-41-J.Winchester, fair catch by 11-K.Raymond."
2025_06_TEN_LV,2025-10-12,LV,TEN,Q3 - 11:48,Up 10,4th & 1,TEN 46,go,go,0.7983651226158038,0.8236331569664903,0.8891820580474935,0.9104569193335758,0.8753395691230499,,recommended_go_but_below_break_even,(11:48) (No Huddle) 7-G.Smith pass short right to 87-M.Mayer to TEN 35 for 11 yards (38-L.Sneed).
2025_07_ATL_SF,2025-10-19,ATL,SF,Q4 - 01:31,Down 10,4th & 10,ATL 46,go,go,0.2590909090909091,0.4312201273634335,0.8191867350967234,0.24429717184111555,0.21409078134404316,,recommended_go_but_below_break_even,(1:31) (Shotgun) 9-M.Penix pass incomplete short right to 5-D.London.
2025_07_CAR_NYJ,2025-10-19,CAR,NYJ,Q2 - 14:56,Up 3,4th & 1,CAR 49,go,go,0.6877637130801688,0.7711670480549199,0.879458794587946,0.7344423155375779,0.6729306319344139,,recommended_go_but_below_break_even,(14:56) 5-R.Dowdle up the middle to CAR 49 for no gain (9-W.McDonald; 53-M.Walker).
2025_07_CAR_NYJ,2025-10-19,CAR,NYJ,Q2 - 02:12,Tied,4th & 3,NYJ 45,go,go,0.20512820512820512,0.30368577119016515,0.9107173283353213,0.4573333061212511,0.31431022290508265,,recommended_go_but_below_break_even,(2:12) (Shotgun) 9-B.Young pass short right to 4-T.McMillan to NYJ 34 for 11 yards (29-J.Brownlee).
2025_07_CAR_NYJ,2025-10-19,CAR,NYJ,Q4 - 02:56,Up 7,4th & 2,CAR 48,punt,go,0.495575221238938,0.593524293549667,0.9181141439205955,0.7331361848838515,0.6883698583347081,,recommended_go_but_below_break_even,"(2:56) 6-S.Martin punts 38 yards to NYJ 14, Center-44-J.Jansen, out of bounds."
2025_07_GB_ARI,2025-10-19,ARI,GB,Q4 - 05:58,Up 3,4th & 1,ARI 48,go,go,0.7698744769874477,0.7722095671981777,0.879458794587946,0.7344423155375779,0.6729306319344139,,recommended_go_but_below_break_even,(5:58) 7-J.Brissett up the middle to ARI 48 for no gain (58-I.McDuffie).
2025_07_IND_LAC,2025-10-19,IND,LAC,Q1 - 05:26,Up 3,4th & 1,IND 39,go,go,0.6524163568773235,0.8644986449864498,0.879458794587946,0.718853533794224,0.6841519001633765,,recommended_go_but_below_break_even,"(5:26) 28-J.Taylor right guard to IND 39 for no gain (23-T.Jefferson; 99-J.Caldwell). The Replay Official reviewed the short of the line to gain ruling, and the play was REVERSED. 28-J.Taylor right guard to IND 40 for 1 yard (23-T.Jefferson; 99-J.Caldwell)."
2025_07_IND_LAC,2025-10-19,IND,LAC,Q4 - 12:48,Up 14,4th & 2,IND 45,punt,go,0.5273348519362187,0.9072356215213357,0.9286177806619078,0.903398263807228,0.8735482847356066,,recommended_go_but_below_break_even,"(12:48) 8-R.Sanchez punts 44 yards to LAC 11, Center-46-L.Rhodes, fair catch by 12-D.Davis."
2025_07_IND_LAC,2025-10-19,LAC,IND,Q4 - 03:36,Down 14,4th & 27,IND 45,go,go,0.05084745762711865,0.18050541516245489,1.0,0.14966697275204546,0.030650835494937686,,recommended_go_but_below_break_even,(3:36) (Shotgun) 10-J.Herbert pass deep right to 1-Q.Johnston to IND 22 for 23 yards (23-K.Moore).
2025_07_LA_JAX,2025-10-19,LA,JAX,Q4 - 11:19,Up 21,4th & 1,JAX 31,go,go,0.5544041450777202,0.7455470737913485,0.7914572864321608,0.9692024391084022,0.4828228582312675,0.6412769067440804,recommended_go_but_below_break_even,"(11:19) 9-M.Stafford pass deep right to 18-T.Ferguson for 31 yards, TOUCHDOWN."
2025_07_LV_KC,2025-10-19,KC,LV,Q2 - 15:00,Up 7,4th & 1,KC 40,go,go,0.6877637130801688,0.7711670480549199,0.879458794587946,0.7344423155375779,0.6729306319344139,,recommended_go_but_below_break_even,(15:00) 29-K.Hunt left guard to KC 43 for 3 yards (98-M.Crosby).
2025_07_MIA_CLE,2025-10-19,MIA,CLE,Q4 - 00:42,Down 25,4th & 19,CLE 49,go,go,0.17687074829931973,0.20242914979757087,0.6137339055793991,0.1882697773989531,0.007841324626551523,,recommended_go_but_below_break_even,(:42) (Shotgun) 14-Q.Ewers sacked at MIA 41 for -10 yards (31-D.McMillon).
2025_07_NE_TEN,2025-10-19,TEN,NE,Q2 - 00:03,Down 4,4th & 3,TEN 42,go,go,0.471830985915493,0.6866615605653437,0.9107173283353213,0.4513522502887438,0.43147401942546115,,recommended_go_but_below_break_even,(:03) (Shotgun) 1-C.Ward pass incomplete deep right.
2025_07_NYG_DEN,2025-10-19,DEN,NYG,Q1 - 08:33,Tied,4th & 2,DEN 36,punt,go,0.32407407407407407,0.6856528371582524,0.8656821378340366,0.46107967675782785,0.4367406945267031,,recommended_go_but_below_break_even,"(8:33) 16-J.Crawshaw punts 41 yards to NYG 23, Center-48-M.Fraboni, fair catch by 80-G.Olszewski."
2025_07_TB_DET,2025-10-20,DET,TB,Q4 - 15:00,Up 12,4th & 1,TB 50,go,go,0.7061855670103093,0.7461928934010151,0.8891820580474935,0.9104569193335758,0.8753395691230499,,recommended_go_but_below_break_even,(15:00) 70-D.Skipper reported in as eligible. 0-J.Gibbs right end pushed ob at TB 49 for 1 yard (96-G.Gaines; 31-A.Winfield).
2025_07_TB_DET,2025-10-20,TB,DET,Q4 - 02:33,Down 15,4th & 21,DET 48,go,go,0.05084745762711865,0.18050541516245489,1.0,0.14966697275204546,0.04378690784991098,,recommended_go_but_below_break_even,(2:33) (Shotgun) 6-B.Mayfield pass short middle to 81-R.Miller to DET 34 for 14 yards (24-L.Strickland) [98-D.Reader].
2025_07_WAS_DAL,2025-10-19,WAS,DAL,Q1 - 04:48,Down 2,4th & 1,WAS 22,punt,go,0.7790697674418606,0.7816593886462881,0.819517709118312,0.4854684232076476,0.455732255226426,,recommended_go_but_below_break_even,"(4:48) 10-T.Way punts 56 yards to DAL 22, Center-69-T.Ott. 9-K.Turpin to DAL 26 for 4 yards (18-T.Owens)."
2025_08_CHI_BAL,2025-10-26,BAL,CHI,Q1 - 04:44,Down 3,4th & 2,BAL 36,punt,go,0.32407407407407407,0.6856528371582524,0.8656821378340366,0.46107967675782785,0.4367406945267031,,recommended_go_but_below_break_even,"(4:44) 11-J.Stout punts 55 yards to CHI 9, Center-46-N.Moore. 12-D.Duvernay pushed ob at CHI 17 for 8 yards (39-K.Jackson)."
2025_08_CHI_BAL,2025-10-26,BAL,CHI,Q2 - 03:28,Up 1,4th & 2,CHI 36,go,go,0.5595238095238095,0.7282608695652174,0.6190476190476191,0.7331361848838515,0.33590061586689096,0.7105995039955229,recommended_go_but_below_break_even,(3:28) (Shotgun) 5-T.Huntley pass short left to 4-Z.Flowers to CHI 33 for 3 yards (33-J.Jones).
2025_08_CLE_NE,2025-10-26,NE,CLE,Q2 - 00:02,Down 1,4th & 2,CLE 24,field_goal,go,0.6695652173913044,0.6825396825396826,0.8936170212765957,0.4731498137641346,0.12748007695414415,0.46704272412239245,recommended_go_but_below_break_even,"(:02) 36-A.Borregales 42 yard field goal is GOOD, Center-47-J.Ashby, Holder-17-B.Baringer."
2025_08_DAL_DEN,2025-10-26,DEN,DAL,Q4 - 02:30,Up 20,4th & 1,DEN 38,punt,go,0.6936026936026936,0.9406528189910979,0.7914572864321608,0.9762583392413987,0.965645716462535,,recommended_go_but_below_break_even,"(2:30) 16-J.Crawshaw punts 33 yards to DAL 29, Center-48-M.Fraboni, out of bounds."
2025_08_GB_PIT,2025-10-26,GB,PIT,Q1 - 13:37,Tied,4th & 1,GB 29,punt,go,0.7790697674418606,0.7816593886462881,0.819517709118312,0.4854684232076476,0.455732255226426,,recommended_go_but_below_break_even,"(13:37) 19-D.Whelan punts 56 yards to PIT 15, Center-42-M.Orzech. 85-K.Williams to PIT 20 for 5 yards (16-B.Melton)."
2025_08_GB_PIT,2025-10-26,GB,PIT,Q2 - 04:13,Down 2,4th & 3,GB 41,punt,go,0.471830985915493,0.6866615605653437,0.9107173283353213,0.4513522502887438,0.43147401942546115,,recommended_go_but_below_break_even,"(4:13) 19-D.Whelan punts 43 yards to PIT 16, Center-42-M.Orzech, fair catch by 85-K.Williams."
2025_08_MIA_ATL,2025-10-26,MIA,ATL,Q1 - 04:07,Tied,4th & 1,ATL 8,go,go,0.621172353455818,0.7333986683360584,1.0,0.5879801896202118,0.021142014840622732,0.5613336124902834,recommended_go_but_below_break_even,"(4:07) 31-O.Gordon right guard to ATL 7 for 1 yard (21-M.Hughes; 31-X.Watts). Atlanta challenged the first down ruling, and the play was Upheld. The ruling on the field stands. (Timeout #1.)"
2025_08_NYJ_CIN,2025-10-26,CIN,NYJ,Q4 - 00:32,Down 1,4th & 9,CIN 45,go,go,0.21077283372365338,0.7189407834567342,0.8758024002232766,0.46362169849252804,0.4377872008242573,,recommended_go_but_below_break_even,(:32) (Shotgun) 16-J.Flacco pass incomplete short middle to 80-A.Iosivas (29-J.Brownlee).
2025_08_SF_HOU,2025-10-26,HOU,SF,Q1 - 08:15,Tied,4th & 1,SF 24,go,go,0.7234401349072513,0.7481880477609969,0.7476190476190476,0.5654191398902044,0.12685208904373638,0.5189832622283206,recommended_go_but_below_break_even,(8:15) 57-B.Fisher reported in as eligible. 7-C.Stroud right guard to SF 23 for 1 yard (48-T.Bethune).
2025_08_SF_HOU,2025-10-26,HOU,SF,Q4 - 01:02,Up 11,4th & 4,HOU 7,punt,go,0.4393203883495146,0.8366013071895425,0.8645374449339207,0.9152424795346072,0.8636366561420866,,recommended_go_but_below_break_even,"(1:02) 6-T.Townsend punts 43 yards to 50, Center-40-A.Brinkman, out of bounds."
2025_08_WAS_KC,2025-10-27,WAS,KC,Q2 - 10:30,Tied,4th & 1,KC 28,go,go,0.7183544303797468,0.8062015503875969,0.8,0.5440015676328886,0.12685208904373638,0.5189832622283206,recommended_go_but_below_break_even,"(10:30) (No Huddle, Shotgun) 8-M.Mariota pass incomplete deep left to 17-T.McLaurin [32-N.Bolton]."
2025_09_BAL_MIA,2025-10-30,BAL,MIA,Q2 - 05:47,Up 8,4th & 2,BAL 36,punt,go,0.5273348519362187,0.9072356215213357,0.9286177806619078,0.903398263807228,0.8674771588886134,,recommended_go_but_below_break_even,"(5:47) 11-J.Stout punts 64 yards to end zone, Center-46-N.Moore, Touchback."
2025_09_BAL_MIA,2025-10-30,BAL,MIA,Q2 - 00:41,Up 8,4th & 2,BAL 21,punt,go,0.5273348519362187,0.9072356215213357,0.9286177806619078,0.903398263807228,0.8690360824456625,,recommended_go_but_below_break_even,"(:41) 11-J.Stout punts 63 yards to MIA 16, Center-46-N.Moore. 6-M.Washington to MIA 19 for 3 yards (27-T.Tampa)."
2025_09_BAL_MIA,2025-10-30,MIA,BAL,Q3 - 02:38,Down 22,4th & 9,MIA 48,punt,go,0.0,0.326797385620915,0.6851851851851853,0.14205444482490195,0.009985982983304961,,recommended_go_but_below_break_even,"(2:38) 16-J.Bailey punts 37 yards to BAL 15, Center-49-J.Cardona, out of bounds."
2025_09_CHI_CIN,2025-11-02,CHI,CIN,Q1 - 00:49,Down 3,4th & 1,CIN 25,go,go,0.7234401349072513,0.7481880477609969,0.7476190476190476,0.5654191398902044,0.12685208904373638,0.5189832622283206,recommended_go_but_below_break_even,(:49) 25-K.Monangai right guard to CIN 20 for 5 yards (49-B.Carter; 44-D.Knight).
2025_09_DEN_HOU,2025-11-02,HOU,DEN,Q3 - 05:34,Up 8,4th & 2,DEN 48,punt,go,0.5879629629629629,0.7596153846153846,0.9286177806619078,0.903398263807228,0.8735482847356066,,recommended_go_but_below_break_even,"(5:34) 6-T.Townsend punts 36 yards to DEN 12, Center-40-A.Brinkman, fair catch by 83-M.Bandy."
2025_09_DEN_HOU,2025-11-02,HOU,DEN,Q4 - 07:24,Tied,4th & 2,HOU 44,punt,go,0.4861111111111111,0.7093023255813953,0.8656821378340366,0.46107967675782785,0.4551691740915804,,recommended_go_but_below_break_even,"(7:24) 6-T.Townsend punts 56 yards to end zone, Center-40-A.Brinkman, Touchback."
2025_09_IND_PIT,2025-11-02,IND,PIT,Q1 - 09:38,Tied,4th & 1,PIT 7,go,go,0.621172353455818,0.7333986683360584,1.0,0.5879801896202118,0.021142014840622732,0.5613336124902834,recommended_go_but_below_break_even,(9:38) 28-J.Taylor left guard to PIT 5 for 2 yards (95-K.Benton).
2025_09_IND_PIT,2025-11-02,IND,PIT,Q1 - 08:07,Tied,4th & 1,PIT 1,go,go,0.621172353455818,0.7333986683360584,1.0,0.5879801896202118,0.021142014840622732,0.5613336124902834,recommended_go_but_below_break_even,"(8:07) 17-D.Jones up the middle for 1 yard, TOUCHDOWN."
2025_09_IND_PIT,2025-11-02,PIT,IND,Q3 - 07:12,Up 10,4th & 2,PIT 43,punt,go,0.5273348519362187,0.9072356215213357,0.9286177806619078,0.903398263807228,0.8735482847356066,,recommended_go_but_below_break_even,"(7:12) 3-C.Waitman punts 37 yards to IND 20, Center-46-C.Kuntz, fair catch by 1-J.Downs."
2025_09_JAX_LV,2025-11-02,JAX,LV,Q4 - 00:20,Down 3,4th & 5,LV 30,field_goal,go,0.44382801664355065,0.9390986601705238,0.7500000000000001,0.5564178158309686,0.12442324037341634,0.5222788661547745,recommended_go_but_below_break_even,"(:20) 39-C.Little 48 yard field goal is GOOD, Center-46-R.Matiscik, Holder-9-L.Cooke."
2025_09_KC_BUF,2025-11-02,BUF,KC,Q1 - 04:23,Up 7,4th & 2,KC 47,go,go,0.702258726899384,0.8544395924308588,0.9181141439205955,0.7260845092250479,0.68504931356137,,recommended_go_but_below_break_even,"(4:23) (No Huddle, Shotgun) 17-J.Allen pass incomplete short middle to 10-K.Shakir (6-B.Cook) [56-G.Karlaftis]."
2025_09_MIN_DET,2025-11-02,MIN,DET,Q3 - 12:37,Up 3,4th & 3,DET 50,punt,go,0.730909090909091,0.7894736842105263,0.8408360128617364,0.7270534786432756,0.7127085121129524,,recommended_go_but_below_break_even,"(12:37) 17-R.Wright punts 42 yards to DET 8, Center-42-A.DePaola, fair catch by 11-K.Raymond."
2025_09_MIN_DET,2025-11-02,MIN,DET,Q4 - 03:33,Up 7,4th & 2,DET 2,field_goal,go,0.6107226107226108,0.8410174880763116,1.0,0.7918287917991454,0.0335900615866891,0.7807680363076156,recommended_go_but_below_break_even,"(3:33) 16-W.Reichard 20 yard field goal is GOOD, Center-42-A.DePaola, Holder-17-R.Wright."
2025_09_NO_LA,2025-11-02,LA,NO,Q4 - 12:43,Up 17,4th & 1,NO 1,go,go,0.5898617511520737,0.7601918465227817,1.0,1.0,0.048282285823126755,0.6871536059026905,recommended_go_but_below_break_even,"(12:43) 23-K.Williams left guard for 1 yard, TOUCHDOWN."
2025_09_SEA_WAS,2025-11-02,SEA,WAS,Q3 - 13:30,Up 24,4th & 1,SEA 28,punt,go,0.7191011235955056,0.8449612403100775,0.8348623853211009,0.9989557936286187,0.9960606826680138,,recommended_go_but_below_break_even,"(13:30) 4-M.Dickson punts 54 yards to WAS 18, Center-41-C.Stoll. 83-J.Lane to WAS 21 for 3 yards (42-D.Thomas; 44-C.Surratt)."
2025_09_SEA_WAS,2025-11-02,SEA,WAS,Q4 - 04:50,Up 24,4th & 1,SEA 37,punt,go,0.7191011235955056,0.8449612403100775,0.8348623853211009,0.9989557936286187,0.9960606826680138,,recommended_go_but_below_break_even,"(4:50) 4-M.Dickson punts 58 yards to WAS 5, Center-41-C.Stoll. 83-J.Lane to WAS 17 for 12 yards (32-Je.Reed; 41-C.Stoll)."
2025_10_ATL_IND,2025-11-09,IND,ATL,Q4 - 01:17,Down 3,4th & 2,ATL 40,go,go,0.23502304147465436,0.6850692274389518,0.6857142857142857,0.6435641072947891,0.2124667949235736,0.5121983685849197,recommended_go_but_below_break_even,(1:17) (Shotgun) 17-D.Jones pass short left to 84-T.Warren ran ob at ATL 30 for 10 yards (31-X.Watts).
2025_10_ATL_IND,2025-11-09,IND,ATL,Q4 - 00:29,Down 3,4th & 6,ATL 26,field_goal,go,0.47508690614136734,0.8746576908798052,0.6748878923766817,0.523646095617539,0.12698084163220139,0.4673530297299572,recommended_go_but_below_break_even,"(:29) 12-M.Badgley 44 yard field goal is GOOD, Center-46-L.Rhodes, Holder-8-R.Sanchez."
2025_10_BAL_MIN,2025-11-09,BAL,MIN,Q1 - 13:25,Tied,4th & 2,BAL 39,punt,go,0.32407407407407407,0.6856528371582524,0.8656821378340366,0.46107967675782785,0.4367406945267031,,recommended_go_but_below_break_even,"(13:25) 11-J.Stout punts 52 yards to MIN 9, Center-46-N.Moore. 4-M.Price to MIN 14 for 5 yards (24-M.Starks; 88-C.Kolar)."
2025_10_BAL_MIN,2025-11-09,MIN,BAL,Q4 - 00:21,Down 8,4th & 4,MIN 40,go,go,0.264,0.5946948497286815,0.8688870151770658,0.33250561406145407,0.24532135202008276,,recommended_go_but_below_break_even,(:21) (Shotgun) 9-J.McCarthy pass incomplete short left to 33-A.Jones [45-M.Green].
2025_10_BUF_MIA,2025-11-09,MIA,BUF,Q2 - 11:44,Up 13,4th & 2,MIA 31,punt,go,0.5273348519362187,0.9072356215213357,0.9286177806619078,0.903398263807228,0.8674771588886134,,recommended_go_but_below_break_even,"(11:44) 16-J.Bailey punts 61 yards to BUF 8, Center-49-J.Cardona. 10-K.Shakir pushed ob at BUF 15 for 7 yards (22-E.Campbell)."
2025_10_DET_WAS,2025-11-09,DET,WAS,Q2 - 00:14,Up 12,4th & 4,WAS 4,field_goal,go,0.4393203883495146,0.8366013071895425,1.0,0.9152424795346072,0.04318183280710433,0.9019913056958628,recommended_go_but_below_break_even,"(:14) 39-J.Bates 22 yard field goal is GOOD, Center-49-H.Hatten, Holder-3-J.Fox. PENALTY on WAS-20-Q.Martin, Unsportsmanlike Conduct, 15 yards, enforced between downs."
2025_10_LV_DEN,2025-11-06,LV,DEN,Q3 - 12:27,Tied,4th & 2,LV 37,punt,go,0.32407407407407407,0.559419695583321,0.8656821378340366,0.46107967675782785,0.37704792076891125,,recommended_go_but_below_break_even,"(12:27) 6-A.Cole punts 47 yards to DEN 16, Center-50-J.Bobenmoyer, fair catch by 83-M.Bandy."
2025_10_NE_TB,2025-11-09,TB,NE,Q2 - 13:22,Tied,4th & 2,TB 38,punt,go,0.32407407407407407,0.5754638902999538,0.8656821378340366,0.46107967675782785,0.38463485454396446,,recommended_go_but_below_break_even,"(13:22) 9-R.Dixon punts 48 yards to NE 14, Center-86-E.Deckers, fair catch by 25-M.Jones. PENALTY on NE-22-C.Woods, Offensive Holding, 7 yards, enforced at NE 14."
2025_10_NE_TB,2025-11-09,TB,NE,Q4 - 01:55,Down 5,4th & 3,NE 27,go,go,0.4861878453038674,0.7375328083989501,0.8377581120943952,0.6313522502887439,0.1260281630170596,0.5152088500043256,recommended_go_but_below_break_even,(1:55) (Shotgun) 6-B.Mayfield pass short left to 1-R.White to NE 30 for -3 yards (21-J.Hawkins) [97-M.Williams].
2025_10_NO_CAR,2025-11-09,CAR,NO,Q2 - 07:51,Down 3,4th & 3,CAR 45,punt,go,0.471830985915493,0.6866615605653437,0.9107173283353213,0.4513522502887438,0.43147401942546115,,recommended_go_but_below_break_even,"(7:51) 6-S.Martin punts 47 yards to NO 8, Center-44-J.Jansen, fair catch by 11-D.Pettis."
2025_10_NO_CAR,2025-11-09,NO,CAR,Q3 - 12:57,Up 3,4th & 2,NO 45,punt,go,0.495575221238938,0.593524293549667,0.9181141439205955,0.7331361848838515,0.6883698583347081,,recommended_go_but_below_break_even,"(12:57) 32-K.Kroeger punts 45 yards to CAR 10, Center-49-Z.Wood, fair catch by 23-T.Etienne."
2025_10_NO_CAR,2025-11-09,NO,CAR,Q3 - 01:20,Up 3,4th & 1,CAR 50,go,go,0.6504237288135593,0.8511904761904763,0.879458794587946,0.6946661635365666,0.6794824036823729,,recommended_go_but_below_break_even,(1:20) 41-A.Kamara left tackle to CAR 48 for 2 yards (95-D.Brown; 98-D.Wonnum).
2025_10_NYG_CHI,2025-11-09,CHI,NYG,Q1 - 00:48,Up 7,4th & 4,CHI 49,punt,go,0.5823627287853578,0.8751560549313359,0.8582326764144945,0.7246805084817713,0.6843007057669791,,recommended_go_but_below_break_even,"(:48) 19-T.Taylor punts 51 yards to end zone, Center-46-S.Daly, Touchback."
2025_10_NYG_CHI,2025-11-09,NYG,CHI,Q3 - 07:36,Up 10,4th & 1,NYG 47,go,go,0.4409448818897638,0.6941896024464831,0.8891820580474935,0.9104569193335758,0.8982227545581677,,recommended_go_but_below_break_even,(7:36) 6-J.Dart right end to CHI 43 for 10 yards (31-K.Byard).
2025_10_PHI_GB,2025-11-10,GB,PHI,Q4 - 01:30,Down 3,4th & 1,GB 44,go,go,0.6273764258555133,0.7689523921738409,0.819517709118312,0.5730857278543809,0.43327990640854014,,recommended_go_but_below_break_even,"(1:30) (No Huddle, Shotgun) 8-J.Jacobs right end to GB 40 for -4 yards (50-J.Phillips, 32-R.Blankenship). FUMBLES (32-R.Blankenship), RECOVERED by PHI-32-R.Blankenship at GB 39. Penalty on GB, Illegal Formation, declined."
2025_11_BAL_CLE,2025-11-16,BAL,CLE,Q2 - 00:35,Down 6,4th & 2,BAL 42,punt,go,0.37920489296636084,0.7634782534863784,0.8656821378340366,0.46107967675782785,0.43290351361644513,,recommended_go_but_below_break_even,"(:35) 11-J.Stout punts 52 yards to CLE 6, Center-46-N.Moore. 84-G.Larvadain to CLE 11 for 5 yards (39-K.Jackson)."
2025_11_CAR_ATL,2025-11-16,ATL,CAR,Q4 - 12:19,Up 2,4th & 2,ATL 41,punt,go,0.495575221238938,0.593524293549667,0.9181141439205955,0.7331361848838515,0.6883698583347081,,recommended_go_but_below_break_even,"(12:19) 13-B.Pinion punts 43 yards to CAR 16, Center-49-L.McCullough, fair catch by 23-T.Etienne."
2025_11_CAR_ATL,2025-11-16,CAR,ATL,Q4 - 01:54,Down 5,4th & 4,CAR 41,go,go,0.40625,0.6859088949474157,0.8488872264821394,0.5873503979616908,0.42590649849112344,,recommended_go_but_below_break_even,(1:54) (Shotgun) 9-B.Young pass short middle to 0-J.Sanders to ATL 49 for 10 yards (31-X.Watts).
2025_11_CAR_ATL,2025-11-16,ATL,CAR,Q4 - 00:21,Down 3,4th & 4,CAR 27,field_goal,go,0.47260273972602745,0.7109826589595376,0.705298013245033,0.5873503979616908,0.12669238008379832,0.4847295353937695,recommended_go_but_below_break_even,"(:21) 45-Z.Gonzalez 45 yard field goal is GOOD, Center-49-L.McCullough, Holder-13-B.Pinion."
2025_11_CHI_MIN,2025-11-16,MIN,CHI,Q4 - 01:59,Down 6,4th & 4,MIN 45,go,go,0.40625,0.6859088949474157,0.8488872264821394,0.5873503979616908,0.42590649849112344,,recommended_go_but_below_break_even,(1:59) (Shotgun) 9-J.McCarthy pass short right to 3-J.Addison to 50 for 5 yards (24-N.McCloud) [49-T.Edmunds].
2025_11_CHI_MIN,2025-11-16,CHI,MIN,Q4 - 00:04,Down 1,4th & 1,MIN 31,field_goal,go,0.532051282051282,0.7993441007302942,0.638888888888889,0.6305318716533419,0.2114201484062273,0.4898181462358329,recommended_go_but_below_break_even,"(:04) 8-C.Santos 48 yard field goal is GOOD, Center-46-S.Daly, Holder-19-T.Taylor."
2025_11_CIN_PIT,2025-11-16,PIT,CIN,Q1 - 02:16,Up 1,4th & 1,PIT 38,go,go,0.6524163568773235,0.8644986449864498,0.879458794587946,0.718853533794224,0.6841519001633765,,recommended_go_but_below_break_even,"(2:16) Direct snap to 83-Co.Heyward. 83-Co.Heyward up the middle to PIT 39 for 1 yard (49-B.Carter; 42-O.Burks). Cincinnati challenged the first down ruling, and the play was Upheld. The ruling on the field stands. (Timeout #1.)"
2025_11_CIN_PIT,2025-11-16,PIT,CIN,Q1 - 00:18,Up 1,4th & 3,PIT 46,punt,go,0.5606773283160865,0.7871860268810189,0.8408360128617364,0.7270534786432756,0.6729475254544531,,recommended_go_but_below_break_even,"(:18) 3-C.Waitman punts 44 yards to CIN 10, Center-46-C.Kuntz, fair catch by 15-C.Jones."
2025_11_DAL_LV,2025-11-17,DAL,LV,Q4 - 03:59,Up 17,4th & 1,LV 4,go,go,0.5898617511520737,0.7601918465227817,1.0,1.0,0.048282285823126755,0.6871536059026905,recommended_go_but_below_break_even,(3:59) (Shotgun) 4-D.Prescott pass incomplete short left to 88-C.Lamb.
2025_11_DET_PHI,2025-11-16,PHI,DET,Q1 - 05:46,Up 3,4th & 2,PHI 42,punt,go,0.495575221238938,0.593524293549667,0.9181141439205955,0.7331361848838515,0.6883698583347081,,recommended_go_but_below_break_even,"(5:46) 10-B.Mann punts 46 yards to DET 12, Center-57-C.Adomitis. 11-K.Raymond to DET 12 for no gain (7-K.Ringo)."
2025_11_DET_PHI,2025-11-16,DET,PHI,Q2 - 13:07,Down 3,4th & 1,DET 48,go,go,0.5616438356164383,0.7747321350527501,0.819517709118312,0.4586488721170319,0.43327990640854014,,recommended_go_but_below_break_even,(13:07) (No Huddle) 70-D.Skipper reported in as eligible. 0-J.Gibbs up the middle to DET 48 for no gain (97-M.Ojomo).
2025_11_DET_PHI,2025-11-16,DET,PHI,Q2 - 11:22,Down 3,4th & 2,DET 43,go,go,0.37920489296636084,0.7634782534863784,0.8656821378340366,0.46107967675782785,0.43290351361644513,,recommended_go_but_below_break_even,(11:22) (Punt formation) Direct snap to 15-G.Stuard. 15-G.Stuard up the middle to DET 43 for no gain (58-J.Hunt).
2025_11_DET_PHI,2025-11-16,PHI,DET,Q4 - 03:00,Up 10,4th & 1,PHI 29,go,go,0.6840747904577692,0.7702420551504534,0.8891820580474935,0.9104569193335758,0.8614269264862144,,recommended_go_but_below_break_even,(3:00) 1-J.Hurts up the middle to PHI 29 for no gain (46-J.Campbell; 53-T.Nowaske).
2025_11_GB_NYG,2025-11-16,NYG,GB,Q3 - 07:24,Down 6,4th & 3,NYG 45,go,go,0.471830985915493,0.6886038980402502,0.9107173283353213,0.4513522502887438,0.43229695969022486,,recommended_go_but_below_break_even,(7:24) (Shotgun) 19-J.Winston pass short right to 89-I.Hodgins to GB 43 for 12 yards (25-K.Nixon) [1-M.Parsons].
2025_11_HOU_TEN,2025-11-16,HOU,TEN,Q1 - 08:24,Tied,4th & 1,TEN 1,go,go,0.621172353455818,0.7333986683360584,1.0,0.5879801896202118,0.021142014840622732,0.5613336124902834,recommended_go_but_below_break_even,(8:24) 10-D.Mills sacked at TEN 12 for -11 yards (50-C.Barton).
2025_11_HOU_TEN,2025-11-16,HOU,TEN,Q2 - 01:00,Down 3,4th & 3,HOU 45,punt,go,0.471830985915493,0.6866615605653437,0.9107173283353213,0.4513522502887438,0.43147401942546115,,recommended_go_but_below_break_even,"(1:00) 6-T.Townsend punts 38 yards to TEN 17, Center-40-A.Brinkman. 17-C.Dike MUFFS catch, touched at TEN 23, recovered by TEN-33-C.Gray at TEN 21. TEN-17-C.Dike was injured during the play."
2025_11_LAC_JAX,2025-11-16,LAC,JAX,Q1 - 13:37,Tied,4th & 2,LAC 31,punt,go,0.32407407407407407,0.6856528371582524,0.8656821378340366,0.46107967675782785,0.4367406945267031,,recommended_go_but_below_break_even,"(13:37) 16-J.Scott punts 57 yards to JAX 12, Center-47-J.Harris, fair catch by 11-P.Washington."
2025_11_SEA_LA,2025-11-16,LA,SEA,Q1 - 12:12,Tied,4th & 1,SEA 8,go,go,0.621172353455818,0.7333986683360584,1.0,0.5879801896202118,0.021142014840622732,0.5613336124902834,recommended_go_but_below_break_even,(12:12) 9-M.Stafford pass incomplete short left to 89-T.Higbee.
2025_11_SEA_LA,2025-11-16,LA,SEA,Q1 - 08:41,Tied,4th & 1,SEA 1,go,go,0.621172353455818,0.7333986683360584,1.0,0.5879801896202118,0.021142014840622732,0.5613336124902834,recommended_go_but_below_break_even,"(8:41) (Shotgun) 23-K.Williams up the middle for 1 yard, TOUCHDOWN."
2025_11_SEA_LA,2025-11-16,SEA,LA,Q3 - 03:39,Down 2,4th & 1,SEA 40,punt,go,0.6132075471698113,0.786011988006166,0.819517709118312,0.4586488721170319,0.43327990640854014,,recommended_go_but_below_break_even,"(3:39) 4-M.Dickson punts 48 yards to LA 12, Center-41-C.Stoll, fair catch by 23-K.Williams."
2025_11_SEA_LA,2025-11-16,LA,SEA,Q3 - 01:28,Up 2,4th & 1,LA 32,punt,go,0.7150537634408602,0.7409326424870466,0.879458794587946,0.718853533794224,0.6762583899438613,,recommended_go_but_below_break_even,"(1:28) 42-E.Evans punts 31 yards to SEA 37, Center-44-J.McQuaide, out of bounds."
2025_11_TB_BUF,2025-11-16,TB,BUF,Q4 - 07:28,Down 5,4th & 2,TB 39,punt,go,0.41600000000000004,0.5945505678270128,0.8656821378340366,0.46107967675782785,0.4060622590355575,,recommended_go_but_below_break_even,"(7:28) 9-R.Dixon punts 46 yards to BUF 15, Center-86-E.Deckers, downed by TB-86-E.Deckers."
2025_11_TB_BUF,2025-11-16,BUF,TB,Q4 - 00:50,Up 12,4th & 1,BUF 48,punt,go,0.6757990867579909,0.7613365155131264,0.8891820580474935,0.9104569193335758,0.8982227545581677,,recommended_go_but_below_break_even,"(:50) 19-M.Wishnowsky punts 32 yards to TB 20, Center-69-R.Ferguson, downed by BUF-42-D.Williams."
2025_12_ATL_NO,2025-11-23,ATL,NO,Q2 - 00:34,Up 6,4th & 1,ATL 47,go,go,0.6877637130801688,0.7711670480549199,0.879458794587946,0.7344423155375779,0.6729306319344139,,recommended_go_but_below_break_even,(:34) Direct snap to 84-F.Franks. 84-F.Franks up the middle to ATL 49 for 2 yards (21-J.Reid).
2025_12_ATL_NO,2025-11-23,ATL,NO,Q3 - 05:46,Up 9,4th & 1,ATL 11,punt,go,0.6840747904577692,0.8711232968383775,0.8891820580474935,0.9104569193335758,0.8753395691230499,,recommended_go_but_below_break_even,"(5:46) 13-B.Pinion punts 47 yards to NO 42, Center-49-L.McCullough. 11-D.Pettis to NO 41 for -1 yards (28-M.Ford)."
2025_12_ATL_NO,2025-11-23,ATL,NO,Q4 - 05:03,Up 14,4th & 2,ATL 45,punt,go,0.5273348519362187,0.9072356215213357,0.9286177806619078,0.903398263807228,0.8735482847356066,,recommended_go_but_below_break_even,"(5:03) 13-B.Pinion punts 43 yards to NO 12, Center-49-L.McCullough, fair catch by 11-D.Pettis."
2025_12_ATL_NO,2025-11-23,NO,ATL,Q4 - 00:16,Down 14,4th & 7,ATL 29,go,go,0.23741007194244604,0.2949852507374631,0.8741258741258741,0.213048410104776,,0.07788120622973184,recommended_go_but_below_break_even,"(:16) (No Huddle, Shotgun) 6-T.Shough pass deep left intended for 12-C.Olave INTERCEPTED by 31-X.Watts at ATL -8. Touchback."
2025_12_BUF_HOU,2025-11-20,BUF,HOU,Q1 - 12:46,Tied,4th & 1,BUF 28,go,go,0.7790697674418606,0.7816593886462881,0.819517709118312,0.4854684232076476,0.455732255226426,,recommended_go_but_below_break_even,(12:46) 70-A.Anderson reported in as eligible. 17-J.Allen up the middle to BUF 31 for 3 yards (0-A.Al-Shaair).
2025_12_BUF_HOU,2025-11-20,BUF,HOU,Q2 - 11:49,Up 3,4th & 2,HOU 37,go,go,0.5595238095238095,0.7282608695652174,0.6190476190476191,0.7331361848838515,0.33590061586689096,0.7105995039955229,recommended_go_but_below_break_even,(11:49) (Shotgun) 17-J.Allen pass deep left to 26-Ty.Johnson ran ob at HOU 14 for 23 yards.
2025_12_BUF_HOU,2025-11-20,HOU,BUF,Q2 - 06:56,Down 6,4th & 1,BUF 24,go,go,0.7183544303797468,0.8062015503875969,0.8,0.5440015676328886,0.12685208904373638,0.5189832622283206,recommended_go_but_below_break_even,(6:56) (Shotgun) 27-W.Marks left tackle to BUF 18 for 6 yards (7-Ta.Johnson).
2025_12_BUF_HOU,2025-11-20,HOU,BUF,Q4 - 02:57,Up 4,4th & 2,HOU 45,punt,go,0.495575221238938,0.593524293549667,0.9181141439205955,0.7331361848838515,0.6883698583347081,,recommended_go_but_below_break_even,"(2:57) 6-T.Townsend punts 41 yards to BUF 14, Center-40-A.Brinkman. 10-K.Shakir ran ob at BUF 18 for 4 yards (44-B.Brooks)."
2025_12_BUF_HOU,2025-11-20,BUF,HOU,Q4 - 00:24,Down 4,4th & 6,HOU 22,go,go,0.47508690614136734,0.8746576908798052,0.6748878923766817,0.523646095617539,0.12698084163220139,0.4673530297299572,recommended_go_but_below_break_even,"(:24) (Shotgun) 17-J.Allen pass short left intended for 5-J.Palmer INTERCEPTED by 2-C.Bullock at HOU 9. 2-C.Bullock to HOU 9 for no gain (5-J.Palmer). Penalty on BUF-13-G.Davis, Offensive Pass Interference, declined."
2025_12_CAR_SF,2025-11-24,SF,CAR,Q4 - 04:54,Up 11,4th & 4,SF 32,punt,go,0.4393203883495146,0.8366013071895425,0.8645374449339207,0.9152424795346072,0.8690705192244152,,recommended_go_but_below_break_even,"(4:54) 7-T.Morstead punts 40 yards to CAR 28, Center-46-J.Weeks. 23-T.Etienne to CAR 34 for 6 yards (45-N.Martin)."
2025_12_IND_KC,2025-11-23,KC,IND,Q4 - 00:03,Down 3,4th & 7,IND 7,field_goal,go,0.39299123904881095,0.8998998998998999,0.878048780487805,0.5626152972988909,0.020747221031562235,0.5156122356473138,recommended_go_but_below_break_even,"(:03) 7-H.Butker 25 yard field goal is GOOD, Center-41-J.Winchester, Holder-14-M.Araiza."
2025_12_IND_KC,2025-11-23,IND,KC,Q5 - 08:02,Tied,4th & 3,IND 40,punt,go,0.471830985915493,0.6886038980402502,0.9107173283353213,0.4513522502887438,0.43229695969022486,,recommended_go_but_below_break_even,"(8:02) 8-R.Sanchez punts 50 yards to KC 10, Center-46-L.Rhodes. 81-N.Remigio to KC 10 for no gain (31-T.Goodson)."
2025_12_NE_CIN,2025-11-23,CIN,NE,Q4 - 00:51,Down 6,4th & 8,CIN 43,go,go,0.42519685039370086,0.647678308352365,0.8408927285817134,0.44277073127964356,0.42768561036295116,,recommended_go_but_below_break_even,"(:51) (Shotgun) 16-J.Flacco pass short right to 82-M.Tinsley to NE 45 for 12 yards (25-M.Jones) [21-J.Hawkins]. The Replay Official reviewed the runner was inbounds ruling, and the play was REVERSED. (Shotgun) 16-J.Flacco pass short right to 82-M.Tinsley ran ob at NE 45 for 12 yards [21-J.Hawkins]."
2025_12_NYG_DET,2025-11-23,NYG,DET,Q2 - 04:10,Up 10,4th & 1,NYG 21,punt,go,0.6840747904577692,0.7702420551504534,0.8891820580474935,0.9104569193335758,0.8614269264862144,,recommended_go_but_below_break_even,"(4:10) 12-J.Gillan punts 40 yards to DET 39, Center-59-C.Kreiter, downed by NYG-46-Z.Barnes."
2025_12_NYJ_BAL,2025-11-23,BAL,NYJ,Q1 - 12:00,Tied,4th & 1,BAL 27,go,go,0.7790697674418606,0.7816593886462881,0.819517709118312,0.4854684232076476,0.455732255226426,,recommended_go_but_below_break_even,(12:00) Direct snap to 89-M.Andrews. 89-M.Andrews up the middle to BAL 29 for 2 yards (91-J.Briggs; 44-J.Sherwood).
2025_12_NYJ_BAL,2025-11-23,NYJ,BAL,Q3 - 06:42,Down 3,4th & 2,NYJ 42,go,go,0.37920489296636084,0.8102466793168881,0.8656821378340366,0.46107967675782785,0.4551691740915804,,recommended_go_but_below_break_even,(6:42) (Shotgun) 2-T.Taylor pass incomplete short right to 3-J.Metchie.
2025_12_NYJ_BAL,2025-11-23,BAL,NYJ,Q4 - 03:19,Up 10,4th & 2,BAL 28,punt,go,0.5273348519362187,0.9072356215213357,0.9286177806619078,0.903398263807228,0.8690360824456625,,recommended_go_but_below_break_even,"(3:19) 11-J.Stout punts 67 yards to NYJ 5, Center-46-N.Moore, out of bounds."
2025_12_PIT_CHI,2025-11-23,PIT,CHI,Q2 - 01:32,Tied,4th & 1,PIT 44,go,go,0.5616438356164383,0.7747321350527501,0.819517709118312,0.4586488721170319,0.43327990640854014,,recommended_go_but_below_break_even,"(1:32) Direct snap to 83-Co.Heyward. 14-K.Gainwell right end for 56 yards, TOUCHDOWN. The Replay Official reviewed the runner broke the plane ruling, and the play was REVERSED. Direct snap to 83-Co.Heyward. 14-K.Gainwell right end pushed ob at CHI 1 for 55 yards (31-K.Byard)."
2025_12_PIT_CHI,2025-11-23,CHI,PIT,Q3 - 05:17,Up 3,4th & 1,CHI 36,punt,go,0.7150537634408602,0.7409326424870466,0.879458794587946,0.718853533794224,0.6762583899438613,,recommended_go_but_below_break_even,"(5:17) 19-T.Taylor punts 42 yards to PIT 22, Center-46-S.Daly. 19-C.Austin pushed ob at PIT 34 for 12 yards (43-C.Jones)."
2025_12_PIT_CHI,2025-11-23,CHI,PIT,Q4 - 04:46,Up 3,4th & 2,CHI 40,punt,go,0.495575221238938,0.593524293549667,0.9181141439205955,0.7331361848838515,0.6883698583347081,,recommended_go_but_below_break_even,"(4:46) 19-T.Taylor punts 49 yards to PIT 11, Center-46-S.Daly, downed by CHI-39-J.Blackwell."
2025_12_PIT_CHI,2025-11-23,PIT,CHI,Q4 - 00:21,Down 3,4th & 6,CHI 47,go,go,0.5393939393939394,0.726027397260274,0.8294729162867045,0.523646095617539,0.44979532849116927,,recommended_go_but_below_break_even,"(:21) (No Huddle, Shotgun) 2-M.Rudolph pass incomplete short left to 4-D.Metcalf (9-J.Brisker)."
2025_12_TB_LA,2025-11-23,LA,TB,Q4 - 07:19,Up 27,4th & 1,LA 34,punt,go,0.7191011235955056,0.8449612403100775,0.8348623853211009,0.9989557936286187,0.9960606826680138,,recommended_go_but_below_break_even,"(7:19) 42-E.Evans punts 14 yards to LA 48, Center-44-J.McQuaide, out of bounds."
2025_13_ARI_TB,2025-11-30,TB,ARI,Q4 - 02:00,Up 3,4th & 5,TB 37,punt,go,0.4438405797101449,0.8670212765957447,0.8882166522615961,0.6675688750444267,0.6513777091547808,,recommended_go_but_below_break_even,"(2:00) 9-R.Dixon punts 59 yards to ARI 4, Center-86-E.Deckers. 4-G.Dortch to ARI 9 for 5 yards (58-M.Watts; 32-J.Hayes)."
2025_13_CHI_PHI,2025-11-28,CHI,PHI,Q1 - 09:36,Tied,4th & 1,PHI 25,go,go,0.7234401349072513,0.7481880477609969,0.7476190476190476,0.5654191398902044,0.12685208904373638,0.5189832622283206,recommended_go_but_below_break_even,"(9:36) 25-K.Monangai right guard to PHI 24 for 1 yard (94-B.Young, 98-J.Carter). Philadelphia challenged the first down ruling, and the play was REVERSED. 25-K.Monangai right guard to PHI 25 for no gain (94-B.Young, 98-J.Carter)."
2025_13_CHI_PHI,2025-11-28,PHI,CHI,Q4 - 00:13,Down 9,4th & 4,CHI 34,field_goal,go,0.2517482517482517,0.3612873129284146,0.5892857142857144,0.33250561406145407,0.10781349650740564,0.21472275922341008,recommended_go_but_below_break_even,"(:13) 4-J.Elliott 52 yard field goal is No Good, Wide Left, Center-57-C.Adomitis, Holder-10-B.Mann."
2025_13_DEN_WAS,2025-11-30,WAS,DEN,Q4 - 08:48,Down 3,4th & 2,WAS 35,punt,go,0.41600000000000004,0.5945505678270128,0.8656821378340366,0.46107967675782785,0.4060622590355575,,recommended_go_but_below_break_even,"(8:48) 10-T.Way punts 45 yards to DEN 20, Center-45-Z.Triner, fair catch by 19-M.Mims. ** Injury Update: WAS-35-P.Butler has returned to the game."
2025_13_GB_DET,2025-11-27,DET,GB,Q3 - 11:13,Down 3,4th & 3,GB 47,go,go,0.505249343832021,0.6209200694778102,0.9107173283353213,0.4573333061212511,0.4490146041501181,,recommended_go_but_below_break_even,"(11:13) (Shotgun) 0-J.Gibbs right guard to GB 49 for -2 yards (1-M.Parsons, 58-I.McDuffie)."
2025_13_KC_DAL,2025-11-27,KC,DAL,Q3 - 08:50,Down 3,4th & 1,KC 46,go,go,0.6132075471698113,0.786011988006166,0.819517709118312,0.4586488721170319,0.43327990640854014,,recommended_go_but_below_break_even,(8:50) (Shotgun) 60-H.Nourzad reported in as eligible. 15-P.Mahomes pass short right to 12-J.Wiley to 50 for 4 yards (59-K.Murray).
2025_13_LA_CAR,2025-11-30,CAR,LA,Q1 - 02:44,Tied,4th & 3,CAR 27,punt,go,0.48056537102473496,0.532244812394162,0.9107173283353213,0.4513522502887438,0.45059820344385515,,recommended_go_but_below_break_even,"(2:44) 6-S.Martin punts 45 yards to LA 28, Center-44-J.Jansen, fair catch by 19-X.Smith."
2025_13_LA_CAR,2025-11-30,CAR,LA,Q2 - 08:50,Tied,4th & 1,LA 24,go,go,0.7183544303797468,0.8062015503875969,0.8,0.5440015676328886,0.12685208904373638,0.5189832622283206,recommended_go_but_below_break_even,(8:50) 5-R.Dowdle right end to LA 18 for 6 yards (0-B.Young; 2-J.McCollough).
2025_13_LV_LAC,2025-11-30,LAC,LV,Q2 - 00:29,Tied,4th & 1,LAC 43,punt,go,0.5616438356164383,0.7747321350527501,0.819517709118312,0.4586488721170319,0.43327990640854014,,recommended_go_but_below_break_even,"(:29) 16-J.Scott punts 57 yards to end zone, Center-47-J.Harris, Touchback."
2025_13_MIN_SEA,2025-11-30,MIN,SEA,Q1 - 03:38,Tied,4th & 2,MIN 34,punt,go,0.32407407407407407,0.6856528371582524,0.8656821378340366,0.46107967675782785,0.4367406945267031,,recommended_go_but_below_break_even,"(3:38) 17-R.Wright punts 60 yards to SEA 6, Center-42-A.DePaola. 22-R.Shaheed to SEA 14 for 8 yards (13-T.Felton; 98-B.Richter)."
2025_13_NO_MIA,2025-11-30,NO,MIA,Q4 - 00:35,Down 4,4th & 1,MIA 36,go,go,0.532051282051282,0.7993441007302942,0.638888888888889,0.6305318716533419,0.2114201484062273,0.4898181462358329,recommended_go_but_below_break_even,(:35) 6-T.Shough up the middle to MIA 36 for no gain (44-C.Robinson).
2025_13_SF_CLE,2025-11-30,CLE,SF,Q4 - 01:51,Down 18,4th & 26,SF 44,go,go,0.05084745762711865,0.18050541516245489,1.0,0.14966697275204546,0.030650835494937686,,recommended_go_but_below_break_even,(1:51) (Shotgun) 12-S.Sanders scrambles left end to SF 38 for 6 yards (53-D.Winters; 59-C.Robinson).
2025_14_IND_JAX,2025-12-07,JAX,IND,Q3 - 03:19,Up 15,4th & 1,JAX 46,go,go,0.6936026936026936,0.9406528189910979,0.7914572864321608,0.9762583392413987,0.965645716462535,,recommended_go_but_below_break_even,(3:19) 64-W.Milum reported in as eligible. 16-T.Lawrence up the middle to JAX 47 for 1 yard (90-G.Stewart; 44-Z.Franklin).
2025_14_IND_JAX,2025-12-07,JAX,IND,Q4 - 07:08,Up 18,4th & 1,IND 9,go,go,0.5898617511520737,0.7601918465227817,1.0,0.9762583392413987,0.048282285823126755,0.6871536059026905,recommended_go_but_below_break_even,(7:08) (Shotgun) 64-W.Milum reported in as eligible. Direct snap to 1-T.Etienne. 1-T.Etienne up the middle to IND 9 for no gain (44-Z.Franklin).
2025_14_PHI_LAC,2025-12-08,PHI,LAC,Q2 - 14:55,Down 4,4th & 5,PHI 15,punt,go,0.44382801664355065,0.4755660422179584,0.8904876099120703,0.3764178158309686,0.3722012247792282,,recommended_go_but_below_break_even,"(14:55) 10-B.Mann punts 53 yards to LAC 32, Center-57-C.Adomitis. 12-D.Davis to LAC 22 for -10 yards (83-K.Granson)."
2025_14_PHI_LAC,2025-12-08,LAC,PHI,Q4 - 12:02,Down 3,4th & 3,LAC 49,punt,go,0.471830985915493,0.6886038980402502,0.9107173283353213,0.4513522502887438,0.43229695969022486,,recommended_go_but_below_break_even,"(12:02) 16-J.Scott punts 46 yards to PHI 5, Center-47-J.Harris. 18-B.Covey to PHI 27 for 22 yards (58-M.Wax)."
2025_14_PIT_BAL,2025-12-07,PIT,BAL,Q1 - 08:46,Down 3,4th & 1,BAL 4,go,go,0.621172353455818,0.7333986683360584,1.0,0.5879801896202118,0.021142014840622732,0.5613336124902834,recommended_go_but_below_break_even,(8:46) Direct snap to 83-Co.Heyward. 83-Co.Heyward left guard to BAL 2 for 2 yards (14-K.Hamilton).
2025_14_PIT_BAL,2025-12-07,PIT,BAL,Q1 - 03:14,Up 4,4th & 1,PIT 41,punt,go,0.60431654676259,0.7050147492625369,0.879458794587946,0.7344423155375779,0.6729306319344139,,recommended_go_but_below_break_even,"(3:14) 3-C.Waitman punts 48 yards to BAL 11, Center-46-C.Kuntz, fair catch by 83-L.Wester."
2025_14_PIT_BAL,2025-12-07,BAL,PIT,Q4 - 00:47,Down 5,4th & 2,BAL 34,go,go,0.41600000000000004,0.5945505678270128,0.8656821378340366,0.46107967675782785,0.4060622590355575,,recommended_go_but_below_break_even,(:47) (Shotgun) 8-L.Jackson pass short middle to 80-I.Likely to BAL 42 for 8 yards (41-P.Wilson).
2025_14_TEN_CLE,2025-12-07,TEN,CLE,Q3 - 10:05,Down 3,4th & 7,TEN 28,punt,go,0.39299123904881095,0.4110935126344662,0.8571706936866718,0.382615297298891,0.35935337844859344,,recommended_go_but_below_break_even,"(10:05) 3-J.Hekker punts 44 yards to CLE 28, Center-46-M.Cox, fair catch by 84-G.Larvadain."
2025_15_ARI_HOU,2025-12-14,HOU,ARI,Q4 - 08:54,Up 13,4th & 4,ARI 47,punt,go,0.4393203883495146,0.8366013071895425,0.8645374449339207,0.9152424795346072,0.8849446019331698,,recommended_go_but_below_break_even,"(8:54) 6-T.Townsend punts 43 yards to ARI 4, Center-40-A.Brinkman, downed by HOU-19-X.Hutchinson."
2025_15_BAL_CIN,2025-12-14,CIN,BAL,Q2 - 07:47,Tied,4th & 2,CIN 35,punt,go,0.32407407407407407,0.5754638902999538,0.8656821378340366,0.46107967675782785,0.38463485454396446,,recommended_go_but_below_break_even,"(7:47) 8-R.Rehkow punts 44 yards to BAL 21, Center-46-W.Wagner, downed by CIN-46-W.Wagner."
2025_15_BUF_NE,2025-12-14,NE,BUF,Q1 - 06:27,Up 7,4th & 1,NE 33,punt,go,0.6524163568773235,0.8644986449864498,0.879458794587946,0.718853533794224,0.6841519001633765,,recommended_go_but_below_break_even,"(6:27) 17-B.Baringer punts 50 yards to BUF 17, Center-47-J.Ashby, downed by NE-22-C.Woods."
2025_15_CAR_NO,2025-12-14,CAR,NO,Q4 - 14:29,Up 7,4th & 1,CAR 42,go,go,0.7698744769874477,0.7722095671981777,0.879458794587946,0.7344423155375779,0.6729306319344139,,recommended_go_but_below_break_even,"(14:29) (No Huddle, Shotgun) 5-R.Dowdle up the middle to CAR 45 for 3 yards (99-C.Young)."
2025_15_CLE_CHI,2025-12-14,CHI,CLE,Q2 - 01:21,Up 14,4th & 1,CHI 19,punt,go,0.6840747904577692,0.8711232968383775,0.8891820580474935,0.9104569193335758,0.8753395691230499,,recommended_go_but_below_break_even,"(1:21) 19-T.Taylor punts 43 yards to CLE 38, Center-46-S.Daly, downed by CHI-39-J.Blackwell."
2025_15_IND_SEA,2025-12-14,IND,SEA,Q4 - 00:52,Down 2,4th & 3,SEA 42,field_goal,go,0.6243654822335026,0.7481108312342568,0.9107173283353213,0.6373333061212512,0.31431022290508265,0.5211536639901738,recommended_go_but_below_break_even,"(:52) 10-B.Grupe 60 yard field goal is GOOD, Center-46-L.Rhodes, Holder-8-R.Sanchez."
2025_15_IND_SEA,2025-12-14,SEA,IND,Q4 - 00:22,Down 1,4th & 2,IND 38,field_goal,go,0.23502304147465436,0.6850692274389518,0.6857142857142857,0.6435641072947891,0.2124667949235736,0.5121983685849197,recommended_go_but_below_break_even,"(:22) 5-J.Myers 56 yard field goal is GOOD, Center-41-C.Stoll, Holder-4-M.Dickson."
2025_15_MIA_PIT,2025-12-15,PIT,MIA,Q1 - 10:26,Tied,4th & 1,PIT 29,punt,go,0.7790697674418606,0.7816593886462881,0.819517709118312,0.4854684232076476,0.455732255226426,,recommended_go_but_below_break_even,"(10:26) 3-C.Waitman punts 49 yards to MIA 22, Center-46-C.Kuntz. 6-M.Washington to MIA 29 for 7 yards (15-B.Skowronek; 33-J.Sawyer)."
2025_15_MIA_PIT,2025-12-15,PIT,MIA,Q1 - 05:56,Tied,4th & 1,PIT 28,go,go,0.7790697674418606,0.7816593886462881,0.819517709118312,0.4854684232076476,0.455732255226426,,recommended_go_but_below_break_even,(5:56) Direct snap to 83-Co.Heyward. 83-Co.Heyward up the middle to PIT 30 for 2 yards (25-T.Dodson).
2025_15_MIA_PIT,2025-12-15,PIT,MIA,Q4 - 07:36,Up 19,4th & 1,PIT 45,punt,go,0.6936026936026936,0.9406528189910979,0.7914572864321608,0.9762583392413987,0.965645716462535,,recommended_go_but_below_break_even,"(7:36) 3-C.Waitman punts 48 yards to MIA 7, Center-46-C.Kuntz. 6-M.Washington to MIA 14 for 7 yards (15-B.Skowronek; 44-C.Bruener)."
2025_15_MIN_DAL,2025-12-14,DAL,MIN,Q1 - 08:43,Tied,4th & 1,MIN 2,go,go,0.621172353455818,0.7333986683360584,1.0,0.5879801896202118,0.021142014840622732,0.5613336124902834,recommended_go_but_below_break_even,(8:43) 33-J.Williams up the middle to MIN 1 for 1 yard (51-B.Cashman; 44-J.Metellus).
2025_15_MIN_DAL,2025-12-14,DAL,MIN,Q2 - 08:00,Tied,4th & 3,MIN 50,go,go,0.20512820512820512,0.5886490245166125,0.9107173283353213,0.4573333061212511,0.4490146041501181,,recommended_go_but_below_break_even,(8:00) (Shotgun) 4-D.Prescott pass short middle to 88-C.Lamb to MIN 33 for 17 yards (55-E.Wilson).
2025_15_MIN_DAL,2025-12-14,MIN,DAL,Q4 - 03:21,Up 8,4th & 1,MIN 48,go,go,0.6757990867579909,0.7613365155131264,0.8891820580474935,0.9104569193335758,0.8982227545581677,,recommended_go_but_below_break_even,(3:21) (Shotgun) 33-A.Jones up the middle to DAL 48 for 4 yards (42-J.Clowney; 95-K.Clark).
2025_15_NYJ_JAX,2025-12-14,JAX,NYJ,Q4 - 05:14,Up 28,4th & 1,JAX 29,punt,go,0.7191011235955056,0.8449612403100775,0.8348623853211009,0.9989557936286187,0.9960606826680138,,recommended_go_but_below_break_even,"(5:14) 9-L.Cooke punts 57 yards to NYJ 14, Center-46-R.Matiscik. 18-I.Williams to NYJ 23 for 9 yards (50-B.Combs; 25-R.Lane)."
2025_15_WAS_NYG,2025-12-14,NYG,WAS,Q4 - 01:43,Down 8,4th & 8,WAS 38,go,go,0.3271028037383178,0.47198648045845315,0.8438914027149321,0.25264802872677933,0.10163569909651321,0.23173761988117686,recommended_go_but_below_break_even,(1:43) (Shotgun) 6-J.Dart pass incomplete deep left to 17-W.Robinson.
2025_16_ATL_ARI,2025-12-21,ARI,ATL,Q1 - 12:51,Tied,4th & 2,ATL 31,field_goal,go,0.5891181988742964,0.755494901901309,0.748792270531401,0.5340075879794761,0.2124667949235736,0.5121983685849197,recommended_go_but_below_break_even,"(12:51) 38-C.Ryland 50 yard field goal is GOOD, Center-46-A.Brewer, Holder-39-M.Haack."
2025_16_ATL_ARI,2025-12-21,ARI,ATL,Q2 - 13:32,Up 7,4th & 2,ATL 33,field_goal,go,0.5595238095238095,0.7282608695652174,0.6190476190476191,0.7331361848838515,0.33590061586689096,0.7105995039955229,recommended_go_but_below_break_even,"(13:32) 38-C.Ryland 51 yard field goal is GOOD, Center-46-A.Brewer, Holder-39-M.Haack."
2025_16_ATL_ARI,2025-12-21,ATL,ARI,Q2 - 02:00,Down 6,4th & 1,ARI 28,go,go,0.7183544303797468,0.8062015503875969,0.8,0.5440015676328886,0.12685208904373638,0.5189832622283206,recommended_go_but_below_break_even,(2:00) 18-K.Cousins up the middle to ARI 26 for 2 yards (79-P.Mustipher; 50-C.Simon). ** Injury Update: ARI-42-D.Taylor-Demerson has returned to the game.
2025_16_ATL_ARI,2025-12-21,ATL,ARI,Q4 - 07:25,Up 10,4th & 1,ARI 46,go,go,0.7061855670103093,0.7461928934010151,0.8891820580474935,0.9104569193335758,0.8753395691230499,,recommended_go_but_below_break_even,"(7:25) 18-K.Cousins FUMBLES (Aborted) at ARI 49, RECOVERED by ARI-56-D.Robinson at ARI 47."
2025_16_BUF_CLE,2025-12-21,BUF,CLE,Q3 - 12:56,Up 10,4th & 2,BUF 38,punt,go,0.5273348519362187,0.9072356215213357,0.9286177806619078,0.903398263807228,0.8674771588886134,,recommended_go_but_below_break_even,"(12:56) 19-M.Wishnowsky punts 62 yards to end zone, Center-69-R.Ferguson, Touchback."
2025_16_BUF_CLE,2025-12-21,CLE,BUF,Q4 - 05:08,Down 3,4th & 2,CLE 44,go,go,0.4861111111111111,0.7093023255813953,0.8656821378340366,0.46107967675782785,0.4551691740915804,,recommended_go_but_below_break_even,(5:08) (Shotgun) 12-S.Sanders sacked at CLE 31 for -13 yards (50-G.Rousseau).
2025_16_GB_CHI,2025-12-20,GB,CHI,Q1 - 09:51,Tied,4th & 1,CHI 7,go,go,0.621172353455818,0.7333986683360584,1.0,0.5879801896202118,0.021142014840622732,0.5613336124902834,recommended_go_but_below_break_even,(9:51) (Shotgun) 10-J.Love pass incomplete short right to 9-C.Watson.
2025_16_GB_CHI,2025-12-20,CHI,GB,Q1 - 03:55,Tied,4th & 1,GB 4,go,go,0.621172353455818,0.7333986683360584,1.0,0.5879801896202118,0.021142014840622732,0.5613336124902834,recommended_go_but_below_break_even,"(3:55) Direct snap to 25-K.Monangai. 25-K.Monangai Aborted. 52-D.Dalman FUMBLES at GB 10, recovered by CHI-25-K.Monangai at GB 22."
2025_16_GB_CHI,2025-12-20,GB,CHI,Q2 - 05:52,Up 3,4th & 1,GB 41,go,go,0.6877637130801688,0.7711670480549199,0.879458794587946,0.7344423155375779,0.6729306319344139,,recommended_go_but_below_break_even,(5:52) (Shotgun) 2-M.Willis left end pushed ob at CHI 46 for 13 yards (94-A.Booker).
2025_16_KC_TEN,2025-12-21,TEN,KC,Q3 - 06:29,Up 10,4th & 1,KC 50,go,go,0.7983651226158038,0.8236331569664903,0.8891820580474935,0.9104569193335758,0.8753395691230499,,recommended_go_but_below_break_even,(6:29) (No Huddle) 1-C.Ward up the middle to 50 for no gain (23-D.Tranquill; 97-A.Gillotte).
2025_16_KC_TEN,2025-12-21,KC,TEN,Q4 - 02:00,Down 17,4th & 29,KC 16,punt,go,0.05084745762711865,0.18050541516245489,1.0,0.14966697275204546,0.04378690784991098,,recommended_go_but_below_break_even,"(2:00) 14-M.Araiza punts 49 yards to TEN 35, Center-41-J.Winchester. 17-C.Dike pushed ob at KC 45 for 20 yards (6-B.Cook; 43-J.Cochrane)."
2025_16_LAC_DAL,2025-12-21,DAL,LAC,Q1 - 11:59,Tied,4th & 2,LAC 39,go,go,0.5891181988742964,0.755494901901309,0.748792270531401,0.5340075879794761,0.2124667949235736,0.5121983685849197,recommended_go_but_below_break_even,(11:59) (Shotgun) 4-D.Prescott pass deep left to 3-G.Pickens to LAC 11 for 28 yards (20-C.Hart). DAL-56-C.Beebe was injured during the play.
2025_16_LA_SEA,2025-12-18,SEA,LA,Q1 - 01:05,Up 4,4th & 1,SEA 44,punt,go,0.60431654676259,0.7050147492625369,0.879458794587946,0.7344423155375779,0.6729306319344139,,recommended_go_but_below_break_even,"(1:05) 4-M.Dickson punts 44 yards to LA 12, Center-41-C.Stoll, fair catch by 19-X.Smith."
2025_16_LV_HOU,2025-12-21,HOU,LV,Q3 - 03:14,Down 1,4th & 1,LV 31,field_goal,go,0.7965616045845273,0.8178506375227687,0.518595041322314,0.5034833475675243,0.2114201484062273,0.4898181462358329,recommended_go_but_below_break_even,"(3:14) 15-K.Fairbairn 49 yard field goal is GOOD, Center-40-A.Brinkman, Holder-6-T.Townsend."
2025_16_LV_HOU,2025-12-21,LV,HOU,Q4 - 13:46,Down 2,4th & 3,HOU 46,punt,go,0.6243654822335026,0.6915254464168914,0.9107173283353213,0.4573333061212511,0.4490146041501181,,recommended_go_but_below_break_even,"(13:46) 6-A.Cole punts 34 yards to HOU 12, Center-50-J.Bobenmoyer, downed by LV-55-C.Lindenberg."
2025_16_MIN_NYG,2025-12-21,MIN,NYG,Q2 - 07:28,Tied,4th & 1,NYG 47,go,go,0.506896551724138,0.6442736640641112,0.819517709118312,0.42530619121831037,0.4228402968124546,,recommended_go_but_below_break_even,"(7:28) (Shotgun) 33-A.Jones up the middle to NYG 44 for 3 yards (22-A.Phillips). MIN-78-R.Kelly was injured during the play. PENALTY on NYG-22-A.Phillips, Unnecessary Roughness, 15 yards, enforced at NYG 44."
2025_16_MIN_NYG,2025-12-21,NYG,MIN,Q3 - 01:59,Down 3,4th & 2,NYG 46,go,go,0.37920489296636084,0.8102466793168881,0.8656821378340366,0.46107967675782785,0.4551691740915804,,recommended_go_but_below_break_even,(1:59) (Shotgun) 6-J.Dart pass short middle to 18-D.Slayton to MIN 46 for 8 yards (51-B.Cashman).
2025_16_MIN_NYG,2025-12-21,NYG,MIN,Q4 - 02:05,Down 3,4th & 3,NYG 47,go,go,0.471830985915493,0.6886038980402502,0.9107173283353213,0.4513522502887438,0.43229695969022486,,recommended_go_but_below_break_even,(2:05) (Shotgun) 6-J.Dart sacked at NYG 39 for -8 yards (43-A.Van Ginkel).
2025_16_NYJ_NO,2025-12-21,NO,NYJ,Q2 - 09:55,Tied,4th & 1,NO 45,go,go,0.5616438356164383,0.7747321350527501,0.819517709118312,0.4586488721170319,0.43327990640854014,,recommended_go_but_below_break_even,(9:55) Direct snap to 7-T.Hill. 7-T.Hill up the middle to NO 45 for no gain (44-J.Sherwood).
2025_16_SF_IND,2025-12-22,SF,IND,Q2 - 12:39,Tied,4th & 1,IND 48,go,go,0.506896551724138,0.6442736640641112,0.819517709118312,0.42530619121831037,0.4228402968124546,,recommended_go_but_below_break_even,(12:39) 13-B.Purdy up the middle to IND 46 for 2 yards (99-D.Buckner).
2025_17_CHI_SF,2025-12-28,CHI,SF,Q4 - 00:33,Down 4,4th & 5,SF 26,go,go,0.44382801664355065,0.9390986601705238,0.7500000000000001,0.5564178158309686,0.12442324037341634,0.5222788661547745,recommended_go_but_below_break_even,(:33) (Shotgun) 18-C.Williams pass short right to 84-C.Loveland to SF 13 for 13 yards (53-D.Winters).
2025_17_DAL_WAS,2025-12-25,DAL,WAS,Q4 - 06:31,Up 7,4th & 2,DAL 45,go,go,0.495575221238938,0.593524293549667,0.9181141439205955,0.7331361848838515,0.6883698583347081,,recommended_go_but_below_break_even,(6:31) (Shotgun) 4-D.Prescott pass short right to 1-J.Tolbert pushed ob at WAS 48 for 7 yards (0-M.Sainristil).
2025_17_DEN_KC,2025-12-25,KC,DEN,Q4 - 00:20,Down 7,4th & 8,DEN 26,go,go,0.35857142857142854,0.7896638422224957,1.0,0.25264802872677933,0.06098141945790792,0.24463808138922058,recommended_go_but_below_break_even,(:20) (Shotgun) 19-C.Oladokun pass incomplete deep middle to 5-M.Brown.
2025_17_LA_ATL,2025-12-29,ATL,LA,Q4 - 07:34,Up 7,4th & 1,LA 49,punt,go,0.5977859778597785,0.7876857749469215,0.879458794587946,0.7015777339954061,0.6794824036823729,,recommended_go_but_below_break_even,"(7:34) 13-B.Pinion punts 38 yards to LA 11, Center-49-L.McCullough, fair catch by 19-X.Smith."
2025_17_NYG_LV,2025-12-28,LV,NYG,Q1 - 09:11,Tied,4th & 1,LV 25,punt,go,0.7790697674418606,0.7816593886462881,0.819517709118312,0.4854684232076476,0.455732255226426,,recommended_go_but_below_break_even,"(9:11) 6-A.Cole punts 54 yards to NYG 21, Center-50-J.Bobenmoyer. 80-G.Olszewski ran ob at NYG 27 for 6 yards (44-T.Eichenberg; 59-J.Rhattigan)."
2025_17_NYG_LV,2025-12-28,NYG,LV,Q4 - 03:45,Up 17,4th & 1,LV 2,go,go,0.5898617511520737,0.7601918465227817,1.0,1.0,0.048282285823126755,0.6871536059026905,recommended_go_but_below_break_even,"(3:45) 6-J.Dart scrambles left end for 2 yards, TOUCHDOWN."
2025_17_NYG_LV,2025-12-28,LV,NYG,Q4 - 01:48,Down 24,4th & 16,NYG 47,go,go,0.17687074829931973,0.20242914979757087,0.6137339055793991,0.1882697773989531,0.007841324626551523,,recommended_go_but_below_break_even,(1:48) (Shotgun) 15-K.Pickett pass short right to 4-S.Jackson to NYG 36 for 11 yards (33-D.Flannigan-Fowles).
2025_17_PHI_BUF,2025-12-28,PHI,BUF,Q1 - 13:58,Tied,4th & 2,PHI 36,punt,go,0.32407407407407407,0.6856528371582524,0.8656821378340366,0.46107967675782785,0.4367406945267031,,recommended_go_but_below_break_even,"(13:58) 10-B.Mann punts 54 yards to BUF 10, Center-47-C.Hughlett, downed by PHI-7-K.Ringo."
2025_17_PIT_CLE,2025-12-28,PIT,CLE,Q1 - 08:40,Down 3,4th & 2,PIT 34,punt,go,0.32407407407407407,0.6856528371582524,0.8656821378340366,0.46107967675782785,0.4367406945267031,,recommended_go_but_below_break_even,"(8:40) 3-C.Waitman punts 52 yards to CLE 14, Center-46-C.Kuntz, fair catch by 84-G.Larvadain."
2025_17_PIT_CLE,2025-12-28,PIT,CLE,Q4 - 00:21,Down 7,4th & 7,CLE 7,go,go,0.34862385321100914,0.5853208891282973,1.0,0.354914277958339,0.009988993279145833,0.2429986344412695,recommended_go_but_below_break_even,(:21) (Shotgun) 8-A.Rodgers pass incomplete short right to 11-M.Valdes-Scantling (21-D.Ward).
2025_17_SEA_CAR,2025-12-28,CAR,SEA,Q2 - 09:59,Down 3,4th & 1,SEA 48,go,go,0.506896551724138,0.6442736640641112,0.819517709118312,0.42530619121831037,0.4228402968124546,,recommended_go_but_below_break_even,(9:59) Direct snap to 84-M.Evans. 84-M.Evans up the middle to SEA 47 for 1 yard (0-D.Lawrence; 99-L.Williams).
2025_17_TB_MIA,2025-12-28,MIA,TB,Q4 - 08:45,Up 10,4th & 1,MIA 27,punt,go,0.6840747904577692,0.7702420551504534,0.8891820580474935,0.9104569193335758,0.8614269264862144,,recommended_go_but_below_break_even,"(8:45) 16-J.Bailey punts 51 yards to TB 22, Center-49-J.Cardona, fair catch by 19-K.Johnson."
2025_18_BAL_PIT,2026-01-04,BAL,PIT,Q4 - 00:21,Down 2,4th & 7,PIT 50,go,go,0.4493670886075949,0.6523277969965745,0.8571706936866718,0.5626152972988909,0.4255661493478479,,recommended_go_but_below_break_even,(:21) (Shotgun) 8-L.Jackson pass deep left to 80-I.Likely to PIT 24 for 26 yards (5-J.Ramsey) [90-T.Watt].
2025_18_CAR_TB,2026-01-03,CAR,TB,Q3 - 13:10,Down 6,4th & 1,CAR 44,go,go,0.6132075471698113,0.786011988006166,0.819517709118312,0.4586488721170319,0.43327990640854014,,recommended_go_but_below_break_even,(13:10) (Shotgun) 30-C.Hubbard up the middle to CAR 47 for 3 yards (50-V.Vea).
2025_18_CLE_CIN,2026-01-04,CLE,CIN,Q3 - 13:13,Up 2,4th & 1,CLE 44,go,go,0.6950672645739909,0.8234497320511555,0.879458794587946,0.7344423155375779,0.6729306319344139,,recommended_go_but_below_break_even,(13:13) 3-J.Jeudy left end to CLE 49 for 5 yards (49-B.Carter).
2025_18_CLE_CIN,2026-01-04,CLE,CIN,Q4 - 00:03,Down 1,4th & 3,CIN 31,field_goal,go,0.3125,0.6678723842106886,0.9230769230769232,0.660373022648097,0.210046938361766,0.5162097675331225,recommended_go_but_below_break_even,"(:03) 25-A.Szmyt 49 yard field goal is GOOD, Center-50-R.Sunahara, Holder-13-C.Bojorquez. ** Injury Update: CIN-23-D.Hill has returned to the game."
2025_18_DET_CHI,2026-01-04,CHI,DET,Q4 - 01:55,Tied,4th & 5,CHI 31,punt,go,0.3394495412844037,0.43613248259523624,0.8904876099120703,0.3764178158309686,0.29939469331293367,,recommended_go_but_below_break_even,"(1:55) 19-T.Taylor punts 46 yards to DET 23, Center-46-S.Daly. 11-K.Raymond pushed ob at DET 37 for 14 yards (21-T.Homer)."
2025_18_GB_MIN,2026-01-04,MIN,GB,Q1 - 00:51,Up 3,4th & 2,MIN 41,punt,go,0.495575221238938,0.593524293549667,0.9181141439205955,0.7331361848838515,0.6883698583347081,,recommended_go_but_below_break_even,"(:51) 17-R.Wright punts 49 yards to GB 10, Center-42-A.DePaola, downed by MIN-13-T.Felton."
2025_18_GB_MIN,2026-01-04,MIN,GB,Q3 - 07:16,Up 13,4th & 2,MIN 33,punt,go,0.5273348519362187,0.9072356215213357,0.9286177806619078,0.903398263807228,0.8674771588886134,,recommended_go_but_below_break_even,"(7:16) 17-R.Wright punts 55 yards to GB 12, Center-42-A.DePaola, fair catch by 84-J.Keeney-James."
2025_18_IND_HOU,2026-01-04,IND,HOU,Q4 - 02:42,Down 2,4th & 2,HOU 4,field_goal,go,0.4777777777777778,0.7872340425531915,1.0,0.5301618295222077,0.02124667949235736,0.5175481997236443,recommended_go_but_below_break_even,"(2:42) 10-B.Grupe 22 yard field goal is GOOD, Center-46-L.Rhodes, Holder-8-R.Sanchez."
2025_18_IND_HOU,2026-01-04,HOU,IND,Q4 - 00:17,Down 1,4th & 7,IND 25,field_goal,go,0.39299123904881095,0.8998998998998999,0.9036144578313252,0.5626152972988909,0.12448332618937338,0.5111217079402272,recommended_go_but_below_break_even,"(:17) 15-K.Fairbairn 43 yard field goal is GOOD, Center-40-A.Brinkman, Holder-6-T.Townsend."
2025_18_KC_LV,2026-01-04,KC,LV,Q3 - 09:07,Down 3,4th & 1,KC 47,go,go,0.6132075471698113,0.786011988006166,0.819517709118312,0.4586488721170319,0.43327990640854014,,recommended_go_but_below_break_even,(9:07) 72-C.Godrick and 66-M.Caliendo reported in as eligible. 29-K.Hunt up the middle to 50 for 3 yards (96-J.Laulu).
2025_18_KC_LV,2026-01-04,LV,KC,Q4 - 00:13,Down 1,4th & 5,KC 42,field_goal,go,0.4862385321100917,0.6763754045307444,0.8904876099120703,0.5564178158309686,0.31238936288230534,0.5308297437208948,recommended_go_but_below_break_even,"(:13) 8-D.Carlson 60 yard field goal is GOOD, Center-50-J.Bobenmoyer, Holder-6-A.Cole."
2025_18_LAC_DEN,2026-01-04,DEN,LAC,Q4 - 13:36,Up 10,4th & 2,DEN 27,punt,go,0.5273348519362187,0.9072356215213357,0.9286177806619078,0.903398263807228,0.8690360824456625,,recommended_go_but_below_break_even,"(13:36) 16-J.Crawshaw punts 49 yards to LAC 24, Center-48-M.Fraboni, fair catch by 12-D.Davis."
2025_18_MIA_NE,2026-01-04,NE,MIA,Q2 - 05:04,Up 7,4th & 1,NE 40,go,go,0.6877637130801688,0.7711670480549199,0.879458794587946,0.7344423155375779,0.6729306319344139,,recommended_go_but_below_break_even,(5:04) 74-T.Munford reported in as eligible. 32-T.Henderson left tackle to NE 40 for no gain (25-T.Dodson; 20-J.Brooks).
2025_18_MIA_NE,2026-01-04,NE,MIA,Q4 - 05:55,Up 28,4th & 1,NE 40,punt,go,0.7191011235955056,0.8449612403100775,0.8348623853211009,0.9989557936286187,0.9960606826680138,,recommended_go_but_below_break_even,"(5:55) 17-B.Baringer punts 43 yards to MIA 17, Center-47-J.Ashby, out of bounds."
2025_18_NO_ATL,2026-01-04,NO,ATL,Q1 - 06:19,Tied,4th & 1,NO 23,punt,go,0.7790697674418606,0.7816593886462881,0.819517709118312,0.4854684232076476,0.455732255226426,,recommended_go_but_below_break_even,"(6:19) 32-K.Kroeger punts 52 yards to ATL 25, Center-49-Z.Wood. 83-D.Thompkins to ATL 27 for 2 yards (31-J.Howden)."
2025_18_NO_ATL,2026-01-04,NO,ATL,Q4 - 09:53,Down 6,4th & 5,NO 30,punt,go,0.3394495412844037,0.43613248259523624,0.8904876099120703,0.3764178158309686,0.29939469331293367,,recommended_go_but_below_break_even,"(9:53) 32-K.Kroeger punts 55 yards to ATL 15, Center-49-Z.Wood. 83-D.Thompkins to ATL 24 for 9 yards (53-J.Ford)."
2025_19_BUF_JAX,2026-01-11,BUF,JAX,Q4 - 01:10,Down 4,4th & 1,JAX 11,go,go,0.5870069605568445,0.8415213946117275,1.0,0.6337420198556334,0.06342604452186819,0.6113737578634862,recommended_go_but_below_break_even,"(1:10) 70-A.Anderson reported in as eligible. 17-J.Allen up the middle for 11 yards, TOUCHDOWN. The Replay Official reviewed the runner broke the plane ruling, and the play was REVERSED. 70-A.Anderson reported in as eligible. 17-J.Allen up the middle to JAX 1 for 10 yards (26-An.Johnson; 91-A.Armstead)."
2025_19_GB_CHI,2026-01-10,CHI,GB,Q2 - 15:00,Down 4,4th & 2,CHI 38,go,go,0.32407407407407407,0.5754638902999538,0.8656821378340366,0.46107967675782785,0.38463485454396446,,recommended_go_but_below_break_even,(15:00) (Shotgun) 18-C.Williams pass short middle to 2-D.Moore to GB 44 for 18 yards (33-E.Williams).
2025_19_LAC_NE,2026-01-11,LAC,NE,Q4 - 02:00,Down 13,4th & 9,NE 34,go,go,0.299625468164794,0.4288451729528859,0.6607142857142858,0.2874971200006757,0.09988455311624823,0.2503640970937722,recommended_go_but_below_break_even,(2:00) (Shotgun) 10-J.Herbert sacked at NE 43 for -9 yards (97-M.Williams).
2025_19_SF_PHI,2026-01-11,PHI,SF,Q2 - 11:24,Down 1,4th & 1,PHI 43,go,go,0.5616438356164383,0.7747321350527501,0.819517709118312,0.4586488721170319,0.43327990640854014,,recommended_go_but_below_break_even,(11:24) 1-J.Hurts up the middle to PHI 46 for 3 yards (95-A.Collins).
2025_20_BUF_DEN,2026-01-17,BUF,DEN,Q1 - 01:33,Down 3,4th & 1,DEN 2,go,go,0.621172353455818,0.7333986683360584,1.0,0.5879801896202118,0.021142014840622732,0.5613336124902834,recommended_go_but_below_break_even,(1:33) (No Huddle) 17-J.Allen left guard to DEN 1 for 1 yard (92-D.Tillman).
2025_20_HOU_NE,2026-01-18,NE,HOU,Q1 - 09:41,Tied,4th & 1,HOU 28,go,go,0.7234401349072513,0.7481880477609969,0.7476190476190476,0.5654191398902044,0.12685208904373638,0.5189832622283206,recommended_go_but_below_break_even,"(9:41) (Shotgun) 10-D.Maye pass short middle to 3-D.Douglas for 28 yards, TOUCHDOWN."
2025_20_LA_CHI,2026-01-18,CHI,LA,Q4 - 15:00,Tied,4th & 2,CHI 45,punt,go,0.4861111111111111,0.7093023255813953,0.8656821378340366,0.46107967675782785,0.4551691740915804,,recommended_go_but_below_break_even,"(15:00) 19-T.Taylor punts 46 yards to LA 9, Center-46-S.Daly, fair catch by 19-X.Smith."
2025_20_LA_CHI,2026-01-18,CHI,LA,Q4 - 03:06,Down 7,4th & 2,LA 2,go,go,0.4913793103448276,0.5215048379156237,1.0,1.0,0.010433351792778961,0.2781372355315292,recommended_go_but_below_break_even,(3:06) (Shotgun) 18-C.Williams pass incomplete short middle to 10-L.Burden (48-O.Speights).
2025_20_LA_CHI,2026-01-18,CHI,LA,Q4 - 00:27,Down 7,4th & 4,LA 14,go,go,0.2671232876712329,0.598171963385332,1.0,0.33250561406145407,0.03234404895222169,0.24157843358225103,recommended_go_but_below_break_even,"(:27) (Shotgun) 18-C.Williams pass short left to 85-C.Kmet for 14 yards, TOUCHDOWN [8-J.Verse]."
2025_20_SF_SEA,2026-01-17,SEA,SF,Q2 - 10:21,Up 14,4th & 2,SEA 45,punt,go,0.5273348519362187,0.9072356215213357,0.9286177806619078,0.903398263807228,0.8735482847356066,,recommended_go_but_below_break_even,"(10:21) 4-M.Dickson punts 50 yards to SF 5, Center-41-C.Stoll, downed by SEA-32-V.Jones."
